/*
 Navicat Premium Data Transfer

 Source Server         : mysql
 Source Server Type    : MySQL
 Source Server Version : 50725
 Source Host           : localhost:3306
 Source Schema         : outsourcingmis

 Target Server Type    : MySQL
 Target Server Version : 50725
 File Encoding         : 65001

 Date: 15/07/2019 21:20:07
*/

SET NAMES utf8mb4;
SET FOREIGN_KEY_CHECKS = 0;

-- ----------------------------
-- Table structure for admin
-- ----------------------------
DROP TABLE IF EXISTS `admin`;
CREATE TABLE `admin`  (
  `adminid` int(11) NOT NULL AUTO_INCREMENT,
  `adminname` varchar(255) CHARACTER SET utf8 COLLATE utf8_general_ci NULL DEFAULT NULL,
  `adminaccount` varchar(255) CHARACTER SET utf8 COLLATE utf8_general_ci NULL DEFAULT NULL,
  `password` varchar(255) CHARACTER SET utf8 COLLATE utf8_general_ci NULL DEFAULT NULL,
  PRIMARY KEY (`adminid`) USING BTREE
) ENGINE = InnoDB AUTO_INCREMENT = 259 CHARACTER SET = utf8 COLLATE = utf8_general_ci ROW_FORMAT = Dynamic;

-- ----------------------------
-- Records of admin
-- ----------------------------
INSERT INTO `admin` VALUES (1, '全洪杰', 'quan', 'quan');
INSERT INTO `admin` VALUES (2, 'å¨æ´ªæ°', 'quanquan', '123');
INSERT INTO `admin` VALUES (209, '邹聪健', 'carrie.wiza', 'Temp');
INSERT INTO `admin` VALUES (210, '尹文轩', 'irving.willms', 'Y-find');
INSERT INTO `admin` VALUES (211, '莫懿轩', 'maymie.hermann', 'Holdlamis');
INSERT INTO `admin` VALUES (212, '莫烨磊', 'ward.borer', 'Sub-Ex');
INSERT INTO `admin` VALUES (213, '徐志强', 'dustin.wiegand', 'Flexidy');
INSERT INTO `admin` VALUES (214, '陈文昊', 'kari.nolan', 'Holdlamis');
INSERT INTO `admin` VALUES (215, '顾胤祥', 'lucienne.hansen', 'Subin');
INSERT INTO `admin` VALUES (216, '卢金鑫', 'malcolm.armstrong', 'Aerified');
INSERT INTO `admin` VALUES (217, '叶昊焱', 'blanche.cummerata', 'Voyatouch');
INSERT INTO `admin` VALUES (218, '朱思源', 'sebastian.bogan', 'Hatity');
INSERT INTO `admin` VALUES (219, '薛立轩', 'estelle.mraz', 'Prodder');
INSERT INTO `admin` VALUES (220, '熊烨华', 'oceane.kemmer', 'Lotstring');
INSERT INTO `admin` VALUES (221, '傅弘文', 'ashly.mitchell', 'Y-find');
INSERT INTO `admin` VALUES (222, '孟思聪', 'clementina.okeefe', 'Y-find');
INSERT INTO `admin` VALUES (223, '段炎彬', 'ernestine.little', 'Lotstring');
INSERT INTO `admin` VALUES (224, '孟驰', 'don.ziemann', 'Lotstring');
INSERT INTO `admin` VALUES (225, '刘雨泽', 'garth.romaguera', 'Asoka');
INSERT INTO `admin` VALUES (226, '韩笑愚', 'noah.jakubowski', 'Tresom');
INSERT INTO `admin` VALUES (227, '王雨泽', 'juliana.bogisich', 'Mat Lam Tam');
INSERT INTO `admin` VALUES (228, '宋志泽', 'deonte.powlowski', 'Keylex');
INSERT INTO `admin` VALUES (229, '朱靖琪', 'delbert.kuvalis', 'Daltfresh');
INSERT INTO `admin` VALUES (230, '江鸿煊', 'zoie.bartoletti', 'Toughjoyfax');
INSERT INTO `admin` VALUES (231, '徐振家', 'austin.oconner', 'Wrapsafe');
INSERT INTO `admin` VALUES (232, '曾建辉', 'nathaniel.gislason', 'Zoolab');
INSERT INTO `admin` VALUES (233, '阎凯瑞', 'robert.mills', 'It');
INSERT INTO `admin` VALUES (234, '廖鸿煊', 'richard.raynor', 'Matsoft');
INSERT INTO `admin` VALUES (235, '杜笑愚', 'ruthie.mcdermott', 'Tresom');
INSERT INTO `admin` VALUES (236, '程智宸', 'lenore.aufderhar', 'Tresom');
INSERT INTO `admin` VALUES (237, '赖志强', 'davin.reilly', 'Fix San');
INSERT INTO `admin` VALUES (238, '曹智辉', 'toney.balistreri', 'Biodex');
INSERT INTO `admin` VALUES (239, '范建辉', 'murl.hahn', 'Sonair');
INSERT INTO `admin` VALUES (240, '江志泽', 'garret.mayer', 'Overhold');
INSERT INTO `admin` VALUES (241, '朱子涵', 'berry.torphy', 'Bamity');
INSERT INTO `admin` VALUES (242, '钟语堂', 'mekhi.blanda', 'Tempsoft');
INSERT INTO `admin` VALUES (243, '姚风华', 'guillermo.dicki', 'Y-find');
INSERT INTO `admin` VALUES (244, '雷思远', 'jimmie.gerhold', 'Gembucket');
INSERT INTO `admin` VALUES (245, '黎涛', 'raoul.fritsch', 'Opela');
INSERT INTO `admin` VALUES (246, '薛思远', 'nya.dooley', 'Pannier');
INSERT INTO `admin` VALUES (247, '范子涵', 'dallas.yundt', 'Ronstring');
INSERT INTO `admin` VALUES (248, '陈烨霖', 'mercedes.gutkowski', 'Gembucket');
INSERT INTO `admin` VALUES (249, '田正豪', 'hailey.ortiz', 'Kanlam');
INSERT INTO `admin` VALUES (250, '崔彬', 'emie.dubuque', 'Flowdesk');
INSERT INTO `admin` VALUES (251, '钟思聪', 'pablo.hamill', 'Gembucket');
INSERT INTO `admin` VALUES (252, '韩鸿煊', 'russ.fay', 'Bigtax');
INSERT INTO `admin` VALUES (253, '彭浩', 'eden.mohr', 'Overhold');
INSERT INTO `admin` VALUES (254, '戴语堂', 'shane.huel', 'Keylex');
INSERT INTO `admin` VALUES (255, '石正豪', 'alexandrine.wisozk', 'Vagram');
INSERT INTO `admin` VALUES (256, '覃展鹏', 'agnes.bauch', 'Treeflex');
INSERT INTO `admin` VALUES (257, '蒋健柏', 'brenda.mertz', 'Zontrax');

-- ----------------------------
-- Table structure for fee
-- ----------------------------
DROP TABLE IF EXISTS `fee`;
CREATE TABLE `fee`  (
  `projectid` int(11) NOT NULL,
  `impleid` int(11) NOT NULL,
  `projectfee` float(255, 0) NOT NULL,
  `implefee` float(255, 0) NOT NULL,
  `starttime` varchar(255) CHARACTER SET utf8 COLLATE utf8_general_ci NULL DEFAULT NULL,
  `endtime` varchar(255) CHARACTER SET utf8 COLLATE utf8_general_ci NULL DEFAULT NULL,
  `userid` int(11) NOT NULL,
  PRIMARY KEY (`projectid`, `impleid`) USING BTREE,
  INDEX `impleid`(`impleid`) USING BTREE
) ENGINE = InnoDB CHARACTER SET = utf8 COLLATE = utf8_general_ci ROW_FORMAT = Dynamic;

-- ----------------------------
-- Records of fee
-- ----------------------------
INSERT INTO `fee` VALUES (0, 1, 85185, 0, 'Mon May 06 20:16:29 CST 1963', 'Thu Apr 03 06:26:13 CST 1969', 1);
INSERT INTO `fee` VALUES (1, 0, 23887, 0, 'Tue Dec 12 23:42:21 CST 1967', 'Thu Sep 19 09:34:08 CST 1974', 1);
INSERT INTO `fee` VALUES (1, 1, 79837, 0, 'Fri Sep 06 09:46:20 CST 1974', 'Thu Nov 13 17:18:29 CST 1975', 2);
INSERT INTO `fee` VALUES (1, 2, 70365, 0, 'Fri Apr 15 20:07:14 CST 1983', 'Sun May 15 20:51:55 CST 1955', 3);
INSERT INTO `fee` VALUES (1, 3, 11414, 0, 'Mon Sep 01 17:45:42 CST 1975', 'Sun Aug 20 11:33:42 CST 1961', 4);
INSERT INTO `fee` VALUES (1, 4, 48227, 0, 'Tue Feb 09 03:13:03 CST 1982', 'Fri Oct 24 10:34:57 CST 1958', 5);
INSERT INTO `fee` VALUES (1, 5, 20964, 0, 'Fri Dec 13 11:56:50 CST 1985', 'Mon Jul 19 20:24:31 CST 1954', 6);
INSERT INTO `fee` VALUES (1, 6, 86233, 0, 'Mon Apr 30 13:55:47 CST 1962', 'Thu Jun 20 11:55:16 CST 1963', 7);
INSERT INTO `fee` VALUES (1, 7, 85451, 0, 'Sun Nov 15 00:15:04 CST 1987', 'Mon Nov 20 13:50:23 CST 1967', 8);
INSERT INTO `fee` VALUES (1, 8, 25669, 0, 'Thu Sep 06 17:02:00 CST 1973', 'Wed Nov 29 03:03:10 CST 1961', 9);
INSERT INTO `fee` VALUES (1, 9, 65268, 0, 'Mon Dec 03 06:19:12 CST 2001', 'Sat Oct 08 20:20:32 CST 1994', 10);
INSERT INTO `fee` VALUES (1, 10, 86525, 0, 'Thu Apr 01 13:38:28 CST 1965', 'Sun May 17 14:20:48 CST 1959', 11);
INSERT INTO `fee` VALUES (1, 11, 78509, 0, 'Mon Jan 25 11:11:23 CST 1965', 'Tue Dec 24 12:13:27 CST 1991', 12);
INSERT INTO `fee` VALUES (1, 12, 16717, 0, 'Mon Sep 10 17:15:46 CST 1962', 'Tue Sep 19 18:21:05 CST 1989', 13);
INSERT INTO `fee` VALUES (1, 13, 48446, 0, 'Tue Aug 07 10:44:09 CDT 1990', 'Sat Sep 14 07:04:47 CST 1974', 14);
INSERT INTO `fee` VALUES (1, 14, 91867, 0, 'Thu Nov 23 17:49:22 CST 1989', 'Wed Dec 29 16:25:08 CST 1993', 15);
INSERT INTO `fee` VALUES (1, 15, 54788, 0, 'Tue Oct 05 11:45:38 CST 1976', 'Sun Mar 25 15:25:49 CST 1956', 16);
INSERT INTO `fee` VALUES (1, 16, 83982, 0, 'Wed Aug 14 04:22:53 CDT 1991', 'Wed Jul 13 07:17:02 CST 1983', 17);
INSERT INTO `fee` VALUES (1, 17, 85460, 0, 'Sat Mar 01 07:47:40 CST 1980', 'Tue Jun 09 19:06:11 CST 1970', 18);
INSERT INTO `fee` VALUES (1, 18, 1493, 0, 'Thu Nov 09 14:11:08 CST 1967', 'Sun Dec 04 20:21:17 CST 1988', 19);
INSERT INTO `fee` VALUES (1, 19, 24200, 0, 'Sun Aug 04 21:43:08 CST 1957', 'Tue Jun 03 00:43:44 CST 1969', 20);
INSERT INTO `fee` VALUES (1, 20, 99331, 0, 'Fri Jun 11 16:12:32 CST 1965', 'Mon Mar 07 02:28:02 CST 1955', 21);
INSERT INTO `fee` VALUES (1, 21, 96735, 0, 'Thu Sep 17 20:42:37 CST 1998', 'Wed Jul 09 05:19:06 CST 1969', 22);
INSERT INTO `fee` VALUES (1, 22, 8850, 0, 'Fri May 22 20:24:06 CST 1964', 'Mon Sep 03 16:22:24 CST 1984', 23);
INSERT INTO `fee` VALUES (1, 23, 80086, 0, 'Tue Apr 01 05:02:14 CST 1986', 'Sun Dec 31 17:11:27 CST 1961', 24);
INSERT INTO `fee` VALUES (1, 24, 48602, 0, 'Sat Mar 08 17:07:29 CST 1969', 'Tue Dec 28 21:21:19 CST 1982', 25);
INSERT INTO `fee` VALUES (1, 25, 69493, 0, 'Sun May 03 08:28:02 CST 1981', 'Sun May 13 18:55:13 CDT 1990', 26);
INSERT INTO `fee` VALUES (1, 26, 48391, 0, 'Tue Apr 28 11:05:30 CST 1964', 'Tue Jul 24 18:10:17 CST 1984', 27);
INSERT INTO `fee` VALUES (1, 27, 79884, 0, 'Wed Aug 10 01:37:06 CST 1960', 'Sun Feb 28 18:41:38 CST 1999', 28);
INSERT INTO `fee` VALUES (1, 28, 32297, 0, 'Sat Feb 09 12:40:56 CST 1985', 'Thu Apr 19 00:52:25 CST 1979', 29);
INSERT INTO `fee` VALUES (1, 29, 63752, 0, 'Thu Aug 30 06:02:33 CST 1973', 'Fri Sep 07 10:34:47 CST 2001', 30);
INSERT INTO `fee` VALUES (1, 30, 63393, 0, 'Mon Feb 13 01:29:02 CST 1978', 'Mon Oct 21 13:51:33 CST 1985', 31);
INSERT INTO `fee` VALUES (1, 31, 18377, 0, 'Sun May 07 08:37:29 CDT 1989', 'Mon Apr 10 19:45:36 CST 1961', 32);
INSERT INTO `fee` VALUES (1, 32, 72169, 0, 'Sun Apr 03 13:04:02 CST 1994', 'Mon Sep 10 06:44:38 CST 1956', 33);
INSERT INTO `fee` VALUES (1, 33, 6973, 0, 'Tue Nov 23 05:25:13 CST 1982', 'Tue Oct 25 08:22:04 CST 1988', 34);
INSERT INTO `fee` VALUES (1, 34, 35354, 0, 'Wed May 02 04:09:37 CST 1973', 'Sat May 11 11:13:01 CST 1985', 35);
INSERT INTO `fee` VALUES (1, 35, 71263, 0, 'Tue Jan 29 07:37:32 CST 1985', 'Wed Aug 11 01:04:25 CST 1976', 36);
INSERT INTO `fee` VALUES (1, 36, 67349, 0, 'Wed Mar 11 15:16:10 CST 1998', 'Fri Dec 15 09:46:24 CST 1961', 37);
INSERT INTO `fee` VALUES (1, 37, 34386, 0, 'Sat May 03 23:50:42 CST 1997', 'Tue Mar 07 17:09:55 CST 1978', 38);
INSERT INTO `fee` VALUES (1, 38, 90551, 0, 'Wed Apr 05 01:38:23 CST 1995', 'Wed May 21 00:31:15 CST 1958', 39);
INSERT INTO `fee` VALUES (1, 39, 26202, 0, 'Wed Jul 27 15:38:01 CST 1960', 'Thu Dec 17 14:59:48 CST 1964', 40);
INSERT INTO `fee` VALUES (1, 40, 70538, 0, 'Wed Dec 16 13:19:21 CST 1964', 'Sun Jun 15 03:04:04 CST 1958', 41);
INSERT INTO `fee` VALUES (1, 41, 87462, 0, 'Thu Apr 22 03:51:18 CST 1976', 'Mon Dec 30 02:11:15 CST 1957', 42);
INSERT INTO `fee` VALUES (1, 42, 8236, 0, 'Tue Jul 16 00:30:20 CDT 1991', 'Mon Jul 25 21:22:11 CST 1955', 43);
INSERT INTO `fee` VALUES (1, 43, 66269, 0, 'Thu Aug 08 14:19:03 CST 1957', 'Fri Jul 30 11:09:52 CST 1965', 44);
INSERT INTO `fee` VALUES (1, 44, 48266, 0, 'Sat Aug 14 06:42:23 CST 1954', 'Mon Mar 01 17:50:07 CST 1999', 45);
INSERT INTO `fee` VALUES (1, 45, 35401, 0, 'Sat Feb 16 12:29:22 CST 1963', 'Sat Sep 03 18:57:38 CST 1955', 46);
INSERT INTO `fee` VALUES (1, 46, 89730, 0, 'Sun Dec 15 07:17:03 CST 1985', 'Fri Dec 06 20:54:40 CST 1991', 47);
INSERT INTO `fee` VALUES (1, 47, 3565, 0, 'Thu Nov 24 02:48:25 CST 1960', 'Sat Nov 09 19:18:26 CST 1974', 48);
INSERT INTO `fee` VALUES (1, 48, 43972, 0, 'Thu Aug 22 03:33:32 CST 1968', 'Wed Oct 07 17:58:55 CST 1964', 49);
INSERT INTO `fee` VALUES (1, 49, 43377, 0, 'Sat Jan 26 16:56:57 CST 1985', 'Sat Nov 15 06:27:47 CST 1958', 50);
INSERT INTO `fee` VALUES (2, 0, 36045, 0, 'Fri Aug 30 02:13:55 CST 1957', 'Sun Mar 20 06:27:44 CST 1988', 1);
INSERT INTO `fee` VALUES (2, 2, 31413, 0, 'Sun May 14 19:54:11 CST 1967', 'Mon Aug 28 15:15:44 CST 2000', 2);
INSERT INTO `fee` VALUES (2, 4, 86797, 0, 'Thu Sep 16 10:01:01 CST 1954', 'Thu Nov 30 09:40:46 CST 1989', 3);
INSERT INTO `fee` VALUES (2, 6, 28554, 0, 'Sun Nov 06 21:23:48 CST 1977', 'Fri Dec 21 14:03:44 CST 1984', 4);
INSERT INTO `fee` VALUES (2, 8, 9470, 0, 'Fri Jan 14 05:44:12 CST 2000', 'Mon Oct 04 01:43:32 CST 1976', 5);
INSERT INTO `fee` VALUES (2, 10, 7712, 0, 'Fri Apr 21 05:35:14 CST 1961', 'Thu Sep 29 09:58:01 CST 1983', 6);
INSERT INTO `fee` VALUES (2, 12, 64426, 0, 'Fri Apr 20 12:35:48 CST 1984', 'Sat Dec 25 09:41:20 CST 1976', 7);
INSERT INTO `fee` VALUES (2, 14, 57366, 0, 'Sun Dec 03 14:06:29 CST 1972', 'Tue May 07 11:54:15 CST 1974', 8);
INSERT INTO `fee` VALUES (2, 16, 70321, 0, 'Sat Jan 03 11:29:50 CST 1959', 'Thu Apr 02 21:31:11 CST 1970', 9);
INSERT INTO `fee` VALUES (2, 18, 91046, 0, 'Sat May 13 01:06:16 CST 1961', 'Fri Oct 08 22:31:52 CST 1965', 10);
INSERT INTO `fee` VALUES (2, 20, 32897, 0, 'Wed Aug 12 13:19:04 CST 1998', 'Tue Oct 05 14:07:58 CST 1976', 11);
INSERT INTO `fee` VALUES (2, 22, 44675, 0, 'Wed Jun 10 15:06:39 CST 1959', 'Fri Feb 15 15:19:42 CST 1980', 12);
INSERT INTO `fee` VALUES (2, 24, 17264, 0, 'Tue Dec 08 12:56:49 CST 1992', 'Tue Apr 14 19:18:06 CST 1981', 13);
INSERT INTO `fee` VALUES (2, 26, 54544, 0, 'Tue May 07 11:33:49 CST 1996', 'Sat Aug 26 02:03:36 CST 1961', 14);
INSERT INTO `fee` VALUES (2, 28, 66827, 0, 'Wed Aug 11 15:20:49 CST 1976', 'Tue May 05 13:03:08 CST 1998', 15);
INSERT INTO `fee` VALUES (2, 30, 74623, 0, 'Sun Feb 22 18:49:02 CST 1970', 'Mon Sep 13 08:01:38 CST 1999', 16);
INSERT INTO `fee` VALUES (2, 32, 34394, 0, 'Wed Jun 10 03:02:33 CST 1959', 'Thu Feb 07 13:57:51 CST 1957', 17);
INSERT INTO `fee` VALUES (2, 34, 4526, 0, 'Fri Oct 21 15:14:12 CST 1966', 'Sun Jun 04 16:42:49 CST 1967', 18);
INSERT INTO `fee` VALUES (2, 36, 50162, 0, 'Wed Jun 10 09:42:59 CST 1998', 'Mon Dec 07 16:55:20 CST 1964', 19);
INSERT INTO `fee` VALUES (2, 38, 26892, 0, 'Sun Feb 19 11:12:33 CST 1984', 'Sun Mar 21 11:00:43 CST 1993', 20);
INSERT INTO `fee` VALUES (2, 40, 44789, 0, 'Mon Oct 05 01:20:33 CST 1970', 'Tue Jun 08 15:14:11 CST 1954', 21);
INSERT INTO `fee` VALUES (2, 42, 5104, 0, 'Tue Nov 02 01:47:27 CST 1976', 'Tue Feb 01 01:17:39 CST 1983', 22);
INSERT INTO `fee` VALUES (2, 44, 78840, 0, 'Wed Jun 16 03:24:18 CST 1954', 'Tue Feb 25 05:57:28 CST 1975', 23);
INSERT INTO `fee` VALUES (2, 46, 52445, 0, 'Thu Jun 18 10:58:19 CST 1964', 'Mon Jan 06 23:56:55 CST 1986', 24);
INSERT INTO `fee` VALUES (2, 48, 74195, 0, 'Wed Sep 14 12:00:19 CST 1988', 'Mon Jan 20 14:58:34 CST 1958', 25);
INSERT INTO `fee` VALUES (2, 50, 72543, 0, 'Fri Dec 01 22:53:11 CST 1989', 'Tue Aug 20 22:38:25 CST 1963', 26);
INSERT INTO `fee` VALUES (2, 52, 95393, 0, 'Thu Jul 26 23:47:54 CST 1973', 'Tue Mar 16 10:42:33 CST 1954', 27);
INSERT INTO `fee` VALUES (2, 54, 97155, 0, 'Fri May 06 03:16:09 CST 1966', 'Mon Sep 24 16:28:53 CST 1979', 28);
INSERT INTO `fee` VALUES (2, 56, 81399, 0, 'Mon Oct 26 22:56:24 CST 1998', 'Wed Sep 25 13:51:20 CST 1968', 29);
INSERT INTO `fee` VALUES (2, 58, 36044, 0, 'Thu Feb 08 15:42:14 CST 1968', 'Thu Aug 16 21:19:11 CST 1979', 30);
INSERT INTO `fee` VALUES (2, 60, 82626, 0, 'Thu Jan 04 10:18:28 CST 1990', 'Thu Jun 24 03:45:03 CST 1971', 31);
INSERT INTO `fee` VALUES (2, 62, 51462, 0, 'Sun Sep 03 08:56:10 CST 1978', 'Mon Jan 04 05:47:16 CST 1988', 32);
INSERT INTO `fee` VALUES (2, 64, 15714, 0, 'Sat May 28 14:59:39 CST 1994', 'Fri Feb 07 08:42:40 CST 1975', 33);
INSERT INTO `fee` VALUES (2, 66, 86405, 0, 'Tue Mar 16 12:26:21 CST 1982', 'Wed Dec 22 19:43:20 CST 1999', 34);
INSERT INTO `fee` VALUES (2, 68, 76475, 0, 'Tue Jan 05 20:38:40 CST 1954', 'Mon Nov 24 22:34:52 CST 1969', 35);
INSERT INTO `fee` VALUES (2, 70, 20617, 0, 'Thu Nov 01 00:59:35 CST 1990', 'Mon May 15 12:49:18 CST 1995', 36);
INSERT INTO `fee` VALUES (2, 72, 89452, 0, 'Thu Oct 02 14:21:35 CST 1986', 'Thu Oct 24 17:34:34 CST 1957', 37);
INSERT INTO `fee` VALUES (2, 74, 75953, 0, 'Sat Jul 02 01:24:56 CST 1983', 'Sun Oct 26 22:09:36 CST 1980', 38);
INSERT INTO `fee` VALUES (2, 76, 22861, 0, 'Sat Oct 08 01:12:35 CST 1966', 'Fri May 24 06:54:49 CST 1996', 39);
INSERT INTO `fee` VALUES (2, 78, 5054, 0, 'Wed Apr 18 01:03:19 CST 1979', 'Sun Nov 04 06:27:20 CST 1979', 40);
INSERT INTO `fee` VALUES (2, 80, 29135, 0, 'Sun Oct 28 03:44:48 CST 1984', 'Mon Nov 30 08:04:31 CST 1959', 41);
INSERT INTO `fee` VALUES (2, 82, 8838, 0, 'Thu Oct 13 14:46:46 CST 1966', 'Sun Dec 28 11:38:09 CST 1980', 42);
INSERT INTO `fee` VALUES (2, 84, 50597, 0, 'Sat Apr 24 21:44:22 CST 1971', 'Tue Oct 30 23:11:13 CST 1973', 43);
INSERT INTO `fee` VALUES (2, 86, 9692, 0, 'Tue Mar 17 10:52:30 CST 1970', 'Sat May 31 06:38:01 CST 1980', 44);
INSERT INTO `fee` VALUES (2, 88, 84700, 0, 'Tue Mar 15 14:33:35 CST 1960', 'Sat Dec 16 04:37:31 CST 1995', 45);
INSERT INTO `fee` VALUES (2, 90, 35847, 0, 'Sun Nov 30 22:37:32 CST 1975', 'Tue Jan 12 11:26:16 CST 1960', 46);
INSERT INTO `fee` VALUES (2, 92, 63162, 0, 'Tue Apr 08 20:49:53 CST 1986', 'Mon Apr 29 23:52:36 CST 1974', 47);
INSERT INTO `fee` VALUES (2, 94, 69938, 0, 'Wed Jan 23 17:22:57 CST 1985', 'Mon May 10 04:35:12 CST 1976', 48);
INSERT INTO `fee` VALUES (2, 96, 23493, 0, 'Tue Apr 30 08:23:35 CST 1968', 'Mon Sep 17 21:21:18 CST 1973', 49);
INSERT INTO `fee` VALUES (2, 98, 61350, 0, 'Wed Aug 21 15:14:03 CST 1985', 'Fri Oct 12 23:59:51 CST 2001', 50);
INSERT INTO `fee` VALUES (3, 0, 56876, 0, 'Mon Jan 31 07:26:01 CST 1966', 'Sat Aug 05 12:31:10 CDT 1989', 1);
INSERT INTO `fee` VALUES (3, 3, 91585, 0, 'Sun Sep 03 14:04:42 CDT 1989', 'Sun Apr 01 17:34:40 CST 1956', 2);
INSERT INTO `fee` VALUES (3, 6, 81733, 0, 'Thu Jan 07 00:18:56 CST 1993', 'Sun Nov 28 18:12:49 CST 1976', 3);
INSERT INTO `fee` VALUES (3, 9, 54022, 0, 'Mon Nov 07 09:21:21 CST 1966', 'Thu Jan 05 00:33:52 CST 1995', 4);
INSERT INTO `fee` VALUES (3, 12, 52232, 0, 'Tue May 19 03:49:14 CST 1970', 'Sat Mar 25 00:34:26 CST 1989', 5);
INSERT INTO `fee` VALUES (3, 15, 84981, 0, 'Tue Nov 22 13:45:02 CST 1966', 'Mon May 25 15:51:38 CST 1964', 6);
INSERT INTO `fee` VALUES (3, 18, 75463, 0, 'Fri Sep 30 12:55:30 CST 1955', 'Sun Apr 12 13:09:46 CST 1981', 7);
INSERT INTO `fee` VALUES (3, 21, 54327, 0, 'Fri Jan 09 04:46:34 CST 1981', 'Sun Oct 29 14:42:42 CST 1972', 8);
INSERT INTO `fee` VALUES (3, 24, 72677, 0, 'Fri Jul 26 16:08:11 CST 1968', 'Thu Feb 03 00:42:28 CST 1977', 9);
INSERT INTO `fee` VALUES (3, 27, 29012, 0, 'Sun Apr 08 01:42:24 CST 1973', 'Mon Jun 21 00:53:14 CST 1965', 10);
INSERT INTO `fee` VALUES (3, 30, 64513, 0, 'Tue Sep 08 13:41:27 CDT 1987', 'Tue Aug 16 04:55:12 CST 1966', 11);
INSERT INTO `fee` VALUES (3, 33, 17469, 0, 'Mon Sep 20 10:37:33 CST 1993', 'Thu Aug 18 20:49:29 CST 1960', 12);
INSERT INTO `fee` VALUES (3, 36, 12942, 0, 'Tue Jan 11 09:21:49 CST 1955', 'Fri Jan 24 13:34:05 CST 1975', 13);
INSERT INTO `fee` VALUES (3, 39, 35030, 0, 'Thu Jan 13 20:58:42 CST 1966', 'Sun Feb 21 11:37:51 CST 1960', 14);
INSERT INTO `fee` VALUES (3, 42, 91048, 0, 'Thu Feb 23 00:45:54 CST 1989', 'Thu Jun 27 20:23:40 CDT 1991', 15);
INSERT INTO `fee` VALUES (3, 45, 35393, 0, 'Wed Mar 12 10:36:53 CST 1980', 'Thu Apr 23 14:43:12 CST 1981', 16);
INSERT INTO `fee` VALUES (3, 48, 32322, 0, 'Sat Dec 30 19:32:49 CST 1978', 'Wed Sep 09 03:40:32 CDT 1987', 17);
INSERT INTO `fee` VALUES (3, 51, 86338, 0, 'Thu Sep 14 11:39:11 CDT 1989', 'Sat Jul 12 03:08:30 CST 1997', 18);
INSERT INTO `fee` VALUES (3, 54, 20326, 0, 'Fri Mar 18 05:09:47 CST 1988', 'Sun Aug 16 03:51:40 CST 1959', 19);
INSERT INTO `fee` VALUES (3, 57, 42592, 0, 'Wed Jun 27 10:51:03 CST 2001', 'Sat Jan 01 07:01:35 CST 1977', 20);
INSERT INTO `fee` VALUES (3, 60, 10504, 0, 'Thu Oct 28 03:46:25 CST 1965', 'Fri Nov 27 12:17:36 CST 1959', 21);
INSERT INTO `fee` VALUES (3, 63, 84731, 0, 'Mon Mar 25 19:39:26 CST 1968', 'Fri Jul 31 21:25:41 CST 1959', 22);
INSERT INTO `fee` VALUES (3, 66, 58840, 0, 'Fri Aug 11 06:25:01 CST 1961', 'Sat Nov 11 21:12:38 CST 1967', 23);
INSERT INTO `fee` VALUES (3, 69, 69421, 0, 'Thu Jun 13 09:45:01 CST 1957', 'Tue Apr 15 20:06:27 CST 1958', 24);
INSERT INTO `fee` VALUES (3, 72, 37091, 0, 'Fri Dec 05 00:40:55 CST 1997', 'Wed Dec 03 12:23:10 CST 1997', 25);
INSERT INTO `fee` VALUES (3, 75, 2839, 0, 'Mon Jul 15 03:16:27 CST 1968', 'Fri Feb 03 09:25:04 CST 1984', 26);
INSERT INTO `fee` VALUES (3, 78, 23860, 0, 'Mon Oct 22 09:37:24 CST 2001', 'Fri Aug 04 10:26:34 CST 1972', 27);
INSERT INTO `fee` VALUES (3, 81, 61064, 0, 'Sat Oct 10 04:10:25 CST 1970', 'Wed Jan 21 18:58:54 CST 1970', 28);
INSERT INTO `fee` VALUES (3, 84, 75333, 0, 'Mon Sep 29 07:45:17 CST 1997', 'Wed Apr 29 20:52:16 CST 1998', 29);
INSERT INTO `fee` VALUES (3, 87, 56292, 0, 'Fri Sep 17 01:10:28 CST 1982', 'Tue Jun 17 21:21:34 CST 1980', 30);
INSERT INTO `fee` VALUES (3, 90, 43506, 0, 'Tue Feb 23 22:20:57 CST 1954', 'Sat Dec 07 16:33:28 CST 1985', 31);
INSERT INTO `fee` VALUES (3, 93, 68855, 0, 'Fri Mar 13 05:58:46 CST 1981', 'Tue Dec 27 17:44:27 CST 1983', 32);
INSERT INTO `fee` VALUES (3, 96, 91484, 0, 'Tue Apr 26 05:47:21 CDT 1988', 'Fri May 12 17:01:25 CST 1972', 33);
INSERT INTO `fee` VALUES (3, 99, 66312, 0, 'Mon Jul 30 14:17:32 CDT 1990', 'Sun Sep 02 14:36:39 CDT 1990', 34);
INSERT INTO `fee` VALUES (3, 102, 60321, 0, 'Tue Jun 19 13:39:00 CST 2001', 'Sat Apr 28 05:31:45 CST 2001', 35);
INSERT INTO `fee` VALUES (3, 105, 20997, 0, 'Fri Jan 09 01:34:24 CST 1976', 'Wed Apr 21 20:34:40 CST 1965', 36);
INSERT INTO `fee` VALUES (3, 108, 49252, 0, 'Fri Jun 03 19:11:27 CDT 1988', 'Sun Oct 15 20:06:48 CST 1961', 37);
INSERT INTO `fee` VALUES (3, 111, 8268, 0, 'Wed Jun 29 05:43:23 CDT 1988', 'Wed May 20 15:34:47 CST 1998', 38);
INSERT INTO `fee` VALUES (3, 114, 58596, 0, 'Sat Oct 02 22:30:49 CST 1976', 'Thu Feb 07 19:17:06 CST 1985', 39);
INSERT INTO `fee` VALUES (3, 117, 64755, 0, 'Fri Apr 16 20:25:12 CST 1976', 'Tue Mar 22 07:45:19 CST 1960', 40);
INSERT INTO `fee` VALUES (3, 120, 43713, 0, 'Sun Dec 21 13:22:50 CST 1975', 'Wed Feb 12 10:53:15 CST 1975', 41);
INSERT INTO `fee` VALUES (3, 123, 46814, 0, 'Thu Sep 30 08:42:18 CST 1954', 'Sat May 03 01:53:42 CST 1958', 42);
INSERT INTO `fee` VALUES (3, 126, 66803, 0, 'Sat Nov 12 07:12:08 CST 1983', 'Sun Feb 14 05:55:49 CST 1999', 43);
INSERT INTO `fee` VALUES (3, 129, 34014, 0, 'Tue Apr 19 20:03:05 CST 1977', 'Mon Mar 18 07:35:21 CST 1968', 44);
INSERT INTO `fee` VALUES (3, 132, 94865, 0, 'Sun Aug 23 01:19:06 CDT 1987', 'Thu Feb 20 21:34:23 CST 1997', 45);
INSERT INTO `fee` VALUES (3, 135, 61699, 0, 'Mon Aug 10 18:52:31 CST 1981', 'Tue Mar 29 06:10:59 CST 1994', 46);
INSERT INTO `fee` VALUES (3, 138, 46211, 0, 'Wed Mar 08 04:14:02 CST 2000', 'Sun Apr 08 06:23:19 CST 1962', 47);
INSERT INTO `fee` VALUES (3, 141, 18802, 0, 'Mon Apr 26 01:29:58 CST 1976', 'Wed Jan 14 20:26:03 CST 1981', 48);
INSERT INTO `fee` VALUES (3, 144, 70892, 0, 'Sun Sep 28 12:47:21 CST 1980', 'Mon Aug 23 21:43:49 CST 1976', 49);
INSERT INTO `fee` VALUES (3, 147, 47734, 0, 'Thu Jun 11 07:37:07 CST 1998', 'Wed Aug 23 07:53:46 CST 1995', 50);
INSERT INTO `fee` VALUES (4, 0, 34937, 0, 'Fri Jul 06 04:06:05 CDT 1990', 'Thu Jan 22 04:33:46 CST 1998', 1);
INSERT INTO `fee` VALUES (4, 4, 61375, 0, 'Fri Nov 23 08:19:38 CST 1962', 'Tue Jun 18 19:05:48 CST 1957', 2);
INSERT INTO `fee` VALUES (4, 8, 68994, 0, 'Wed Apr 28 03:26:36 CST 1982', 'Fri Jan 25 15:03:52 CST 1991', 3);
INSERT INTO `fee` VALUES (4, 12, 38674, 0, 'Thu Feb 22 21:47:08 CST 2001', 'Fri May 05 07:31:46 CST 1961', 4);
INSERT INTO `fee` VALUES (4, 16, 60180, 0, 'Fri Nov 22 15:18:50 CST 1991', 'Mon Jun 06 23:01:11 CST 1955', 5);
INSERT INTO `fee` VALUES (4, 20, 51378, 0, 'Sun Oct 01 05:24:24 CST 1995', 'Sat Oct 23 02:01:29 CST 1999', 6);
INSERT INTO `fee` VALUES (4, 24, 45068, 0, 'Fri Jun 16 01:01:37 CST 2000', 'Tue Aug 24 19:24:34 CST 1965', 7);
INSERT INTO `fee` VALUES (4, 28, 75016, 0, 'Tue Apr 26 15:50:47 CDT 1988', 'Sat Dec 20 21:36:33 CST 1986', 8);
INSERT INTO `fee` VALUES (4, 32, 94232, 0, 'Wed Jun 01 09:51:42 CDT 1988', 'Tue Nov 11 05:05:47 CST 1997', 9);
INSERT INTO `fee` VALUES (4, 36, 23243, 0, 'Fri Dec 18 21:46:47 CST 1981', 'Mon Dec 02 01:29:37 CST 1985', 10);
INSERT INTO `fee` VALUES (4, 40, 78489, 0, 'Wed Oct 05 20:43:54 CST 1955', 'Fri Apr 12 10:30:07 CST 1985', 11);
INSERT INTO `fee` VALUES (4, 44, 23441, 0, 'Thu Jan 14 03:05:56 CST 1999', 'Wed Jan 31 14:38:40 CST 1968', 12);
INSERT INTO `fee` VALUES (4, 48, 32060, 0, 'Mon Apr 27 11:37:12 CDT 1987', 'Thu Aug 14 03:08:58 CST 1969', 13);
INSERT INTO `fee` VALUES (4, 52, 46146, 0, 'Wed Jul 07 16:50:18 CST 1976', 'Sun Sep 06 16:33:49 CST 1970', 14);
INSERT INTO `fee` VALUES (4, 56, 9314, 0, 'Sat Dec 09 01:10:26 CST 1989', 'Sat Aug 06 17:48:43 CST 1966', 15);
INSERT INTO `fee` VALUES (4, 60, 40560, 0, 'Fri Sep 07 00:46:04 CDT 1990', 'Tue Aug 13 21:22:50 CST 1968', 16);
INSERT INTO `fee` VALUES (4, 64, 33417, 0, 'Wed Jun 10 04:54:35 CDT 1987', 'Mon Oct 08 06:56:27 CST 1984', 17);
INSERT INTO `fee` VALUES (4, 68, 80462, 0, 'Sat Aug 31 20:16:34 CDT 1991', 'Fri Oct 13 12:18:31 CST 1961', 18);
INSERT INTO `fee` VALUES (4, 72, 98981, 0, 'Tue Jul 07 10:58:55 CST 1981', 'Thu Nov 03 08:40:39 CST 1983', 19);
INSERT INTO `fee` VALUES (4, 76, 41037, 0, 'Wed Jun 29 18:31:18 CST 1955', 'Wed Sep 17 04:25:58 CST 1980', 20);
INSERT INTO `fee` VALUES (4, 80, 9421, 0, 'Fri Jan 13 03:14:21 CST 1956', 'Thu Jun 25 17:20:02 CST 1959', 21);
INSERT INTO `fee` VALUES (4, 84, 44031, 0, 'Tue Feb 04 19:03:53 CST 1958', 'Sun Sep 08 18:06:16 CDT 1991', 22);
INSERT INTO `fee` VALUES (4, 88, 74887, 0, 'Mon Feb 20 10:23:08 CST 1967', 'Fri Jul 13 02:00:37 CST 1973', 23);
INSERT INTO `fee` VALUES (4, 92, 37435, 0, 'Wed Jan 09 14:38:03 CST 1991', 'Fri Mar 16 00:12:22 CST 1990', 24);
INSERT INTO `fee` VALUES (4, 96, 6520, 0, 'Mon Jan 23 13:58:50 CST 1995', 'Sun Nov 13 14:51:07 CST 1977', 25);
INSERT INTO `fee` VALUES (4, 100, 31765, 0, 'Tue Aug 30 17:04:41 CST 1977', 'Fri Nov 01 23:59:57 CST 1957', 26);
INSERT INTO `fee` VALUES (4, 104, 26139, 0, 'Thu Sep 13 06:39:21 CST 1984', 'Tue May 01 17:34:50 CDT 1990', 27);
INSERT INTO `fee` VALUES (4, 108, 58612, 0, 'Mon Aug 14 15:21:17 CST 1967', 'Fri Dec 26 16:37:26 CST 1975', 28);
INSERT INTO `fee` VALUES (4, 112, 92328, 0, 'Sun Feb 08 02:05:47 CST 1976', 'Tue Mar 30 13:00:17 CST 1971', 29);
INSERT INTO `fee` VALUES (4, 116, 38834, 0, 'Tue Aug 16 14:42:20 CST 1955', 'Wed Aug 30 03:08:25 CST 1995', 30);
INSERT INTO `fee` VALUES (4, 120, 56004, 0, 'Sat Nov 16 23:58:07 CST 1991', 'Wed Dec 31 13:10:13 CST 1975', 31);
INSERT INTO `fee` VALUES (4, 124, 22124, 0, 'Sat Aug 03 04:05:16 CST 1968', 'Thu Feb 08 13:38:02 CST 1962', 32);
INSERT INTO `fee` VALUES (4, 128, 10306, 0, 'Fri Dec 20 01:14:08 CST 1974', 'Tue Sep 20 12:38:02 CST 1988', 33);
INSERT INTO `fee` VALUES (4, 132, 93629, 0, 'Sat Jul 18 14:48:50 CST 1981', 'Wed Jul 27 01:18:39 CST 1983', 34);
INSERT INTO `fee` VALUES (4, 136, 3334, 0, 'Fri Jun 04 23:35:04 CST 1999', 'Tue Oct 06 09:21:31 CST 1987', 35);
INSERT INTO `fee` VALUES (4, 140, 22345, 0, 'Sun Jan 08 11:33:51 CST 1989', 'Tue Sep 29 14:13:22 CST 1987', 36);
INSERT INTO `fee` VALUES (4, 144, 16959, 0, 'Sun Mar 01 19:54:21 CST 1964', 'Fri Aug 24 16:57:38 CST 1984', 37);
INSERT INTO `fee` VALUES (4, 148, 82135, 0, 'Thu May 19 18:51:58 CST 1966', 'Thu Sep 16 10:39:37 CST 1993', 38);
INSERT INTO `fee` VALUES (4, 152, 87864, 0, 'Tue Aug 29 22:11:25 CDT 1989', 'Thu Oct 18 17:49:43 CST 1956', 39);
INSERT INTO `fee` VALUES (4, 156, 40982, 0, 'Wed Dec 07 12:41:48 CST 1983', 'Mon Mar 06 08:48:43 CST 1972', 40);
INSERT INTO `fee` VALUES (4, 160, 84223, 0, 'Thu May 01 08:18:27 CST 1958', 'Thu Sep 10 11:41:05 CST 1998', 41);
INSERT INTO `fee` VALUES (4, 164, 95954, 0, 'Wed Jul 01 05:40:51 CST 1970', 'Tue Mar 22 10:29:05 CST 1988', 42);
INSERT INTO `fee` VALUES (4, 168, 44368, 0, 'Thu Dec 20 20:38:58 CST 2001', 'Sun Dec 03 12:28:42 CST 1967', 43);
INSERT INTO `fee` VALUES (4, 172, 47197, 0, 'Wed Aug 07 09:33:50 CST 1957', 'Tue Nov 27 07:10:00 CST 1973', 44);
INSERT INTO `fee` VALUES (4, 176, 82039, 0, 'Thu Jun 09 08:09:09 CDT 1988', 'Wed Aug 17 22:56:23 CDT 1988', 45);
INSERT INTO `fee` VALUES (4, 180, 42257, 0, 'Mon Jun 15 17:19:26 CDT 1987', 'Sun Jan 29 05:04:53 CST 1978', 46);
INSERT INTO `fee` VALUES (4, 184, 28003, 0, 'Thu Jun 14 11:31:45 CST 2001', 'Thu Aug 06 17:45:20 CST 1970', 47);
INSERT INTO `fee` VALUES (4, 188, 78614, 0, 'Tue Sep 29 20:06:51 CST 1964', 'Fri Aug 31 02:31:54 CST 2001', 48);
INSERT INTO `fee` VALUES (4, 192, 15131, 0, 'Mon Mar 09 00:04:02 CST 1964', 'Mon Mar 17 14:55:49 CST 1969', 49);
INSERT INTO `fee` VALUES (4, 196, 31284, 0, 'Wed Jun 25 17:13:59 CDT 1986', 'Sun May 08 22:09:40 CST 1966', 50);
INSERT INTO `fee` VALUES (5, 0, 65648, 0, 'Mon Nov 28 17:50:56 CST 1966', 'Wed Mar 28 16:08:32 CST 1984', 1);
INSERT INTO `fee` VALUES (5, 5, 58225, 0, 'Fri Oct 28 19:18:47 CST 1977', 'Sat Aug 18 19:34:51 CST 1984', 2);
INSERT INTO `fee` VALUES (5, 10, 26037, 0, 'Wed Jan 29 00:39:45 CST 1969', 'Thu Jul 02 07:42:27 CST 1970', 3);
INSERT INTO `fee` VALUES (5, 15, 73400, 0, 'Sat Jul 01 02:21:28 CST 1978', 'Wed Oct 12 09:15:54 CST 1983', 4);
INSERT INTO `fee` VALUES (5, 20, 69186, 0, 'Mon Aug 23 05:24:44 CST 1993', 'Sun Jun 16 19:15:06 CST 1963', 5);
INSERT INTO `fee` VALUES (5, 25, 1825, 0, 'Tue Sep 12 09:07:19 CST 1978', 'Mon Jan 10 02:52:41 CST 1955', 6);
INSERT INTO `fee` VALUES (5, 30, 7056, 0, 'Sat Apr 30 17:44:40 CDT 1988', 'Sat Jan 08 09:41:01 CST 1955', 7);
INSERT INTO `fee` VALUES (5, 35, 11037, 0, 'Tue May 13 17:14:49 CST 1997', 'Mon Dec 26 08:56:16 CST 1966', 8);
INSERT INTO `fee` VALUES (5, 40, 28433, 0, 'Sat Jan 08 02:26:12 CST 1966', 'Sun Jun 30 08:07:23 CST 1985', 9);
INSERT INTO `fee` VALUES (5, 45, 34096, 0, 'Fri Feb 25 10:34:25 CST 1977', 'Sun Oct 21 13:51:16 CST 2001', 10);
INSERT INTO `fee` VALUES (5, 50, 11928, 0, 'Wed Oct 16 23:01:05 CST 1957', 'Sun Nov 03 21:13:56 CST 1991', 11);
INSERT INTO `fee` VALUES (5, 55, 3013, 0, 'Fri Feb 27 11:10:46 CST 1987', 'Sun Mar 29 15:55:07 CST 1970', 12);
INSERT INTO `fee` VALUES (5, 60, 36328, 0, 'Thu May 30 05:58:02 CST 1968', 'Tue Sep 28 23:21:20 CST 1971', 13);
INSERT INTO `fee` VALUES (5, 65, 24465, 0, 'Mon Sep 14 22:50:56 CST 1964', 'Tue Nov 27 05:58:56 CST 2001', 14);
INSERT INTO `fee` VALUES (5, 70, 77769, 0, 'Fri May 10 20:12:13 CST 1963', 'Wed Sep 29 23:49:06 CST 1993', 15);
INSERT INTO `fee` VALUES (5, 75, 69046, 0, 'Tue Oct 25 00:14:27 CST 1955', 'Wed Sep 08 11:08:11 CST 1971', 16);
INSERT INTO `fee` VALUES (5, 80, 21781, 0, 'Sun Apr 05 21:39:30 CST 1970', 'Sun Feb 25 21:25:51 CST 1962', 17);
INSERT INTO `fee` VALUES (5, 85, 9293, 0, 'Tue Feb 29 10:17:55 CST 1972', 'Tue Dec 25 01:41:57 CST 1990', 18);
INSERT INTO `fee` VALUES (5, 90, 11810, 0, 'Fri Dec 09 07:42:11 CST 1955', 'Sun Jun 19 19:31:52 CST 1960', 19);
INSERT INTO `fee` VALUES (5, 95, 97037, 0, 'Tue Jan 01 00:58:22 CST 1985', 'Fri Jan 31 10:56:08 CST 1975', 20);
INSERT INTO `fee` VALUES (5, 100, 32556, 0, 'Mon Mar 03 02:13:33 CST 1969', 'Tue Dec 06 08:18:11 CST 1977', 21);
INSERT INTO `fee` VALUES (5, 105, 97520, 0, 'Sat May 05 01:36:53 CST 2001', 'Thu Aug 20 18:37:22 CST 1981', 22);
INSERT INTO `fee` VALUES (5, 110, 40853, 0, 'Thu Nov 10 21:08:19 CST 1988', 'Fri Oct 14 16:57:46 CST 1966', 23);
INSERT INTO `fee` VALUES (5, 115, 78362, 0, 'Fri Jun 08 22:50:18 CST 1962', 'Tue Feb 22 00:33:39 CST 1955', 24);
INSERT INTO `fee` VALUES (5, 120, 64669, 0, 'Fri May 06 20:25:31 CST 1955', 'Thu Jul 19 15:30:22 CST 1984', 25);
INSERT INTO `fee` VALUES (5, 125, 75858, 0, 'Sun Jun 06 06:21:54 CST 1976', 'Thu Aug 16 07:02:34 CDT 1990', 26);
INSERT INTO `fee` VALUES (5, 130, 21508, 0, 'Sun Oct 28 17:29:44 CST 1962', 'Sun May 30 15:15:35 CST 1954', 27);
INSERT INTO `fee` VALUES (5, 135, 94624, 0, 'Sun Dec 10 14:40:05 CST 1995', 'Wed Nov 22 12:50:39 CST 1978', 28);
INSERT INTO `fee` VALUES (5, 140, 34476, 0, 'Fri Jan 06 22:28:44 CST 1967', 'Mon Sep 05 16:17:26 CDT 1988', 29);
INSERT INTO `fee` VALUES (5, 145, 7168, 0, 'Tue Jan 21 22:36:17 CST 1969', 'Wed Jul 17 18:37:40 CST 1957', 30);
INSERT INTO `fee` VALUES (5, 150, 66899, 0, 'Wed Sep 23 17:23:43 CST 1959', 'Wed Oct 21 22:39:02 CST 1987', 31);
INSERT INTO `fee` VALUES (5, 155, 84773, 0, 'Sat Apr 06 22:56:17 CST 1968', 'Wed Dec 06 02:43:55 CST 1972', 32);
INSERT INTO `fee` VALUES (5, 160, 7712, 0, 'Mon Jan 07 04:42:43 CST 1974', 'Thu Nov 25 03:04:29 CST 1999', 33);
INSERT INTO `fee` VALUES (5, 165, 18388, 0, 'Fri Dec 22 04:16:31 CST 1978', 'Sun Feb 23 20:04:04 CST 1992', 34);
INSERT INTO `fee` VALUES (5, 170, 41050, 0, 'Mon Nov 12 21:03:02 CST 1984', 'Tue Nov 06 03:36:29 CST 1956', 35);
INSERT INTO `fee` VALUES (5, 175, 10644, 0, 'Thu Jan 25 02:22:41 CST 1990', 'Tue Apr 13 12:46:04 CST 1993', 36);
INSERT INTO `fee` VALUES (5, 180, 13272, 0, 'Sat May 23 11:06:14 CDT 1987', 'Sun Sep 22 06:59:52 CST 1963', 37);
INSERT INTO `fee` VALUES (5, 185, 1380, 0, 'Wed Dec 18 07:05:57 CST 1996', 'Fri Apr 03 01:25:06 CST 1959', 38);
INSERT INTO `fee` VALUES (5, 190, 38809, 0, 'Sat Nov 16 18:57:12 CST 1957', 'Tue Apr 01 22:47:42 CST 1980', 39);
INSERT INTO `fee` VALUES (5, 195, 86445, 0, 'Sat Aug 25 16:31:33 CST 1962', 'Sat Mar 03 21:26:55 CST 2001', 40);
INSERT INTO `fee` VALUES (5, 200, 49959, 0, 'Thu Oct 23 21:08:36 CST 1997', 'Mon Mar 15 12:16:55 CST 1999', 41);
INSERT INTO `fee` VALUES (5, 205, 37223, 0, 'Tue May 13 18:29:07 CST 1980', 'Tue May 20 16:33:31 CST 1958', 42);
INSERT INTO `fee` VALUES (5, 210, 18205, 0, 'Thu Jul 05 01:08:18 CST 1979', 'Fri Sep 04 19:29:01 CST 1959', 43);
INSERT INTO `fee` VALUES (5, 215, 48038, 0, 'Sat May 03 14:44:07 CST 1969', 'Mon Oct 03 08:49:04 CST 1988', 44);
INSERT INTO `fee` VALUES (5, 220, 53341, 0, 'Wed Jun 15 19:37:29 CDT 1988', 'Mon Jan 15 17:24:02 CST 2001', 45);
INSERT INTO `fee` VALUES (5, 225, 75513, 0, 'Wed Jan 20 11:03:20 CST 1999', 'Fri Jan 12 21:14:37 CST 1962', 46);
INSERT INTO `fee` VALUES (5, 230, 37627, 0, 'Tue Jun 07 00:28:05 CST 1994', 'Mon Jul 09 15:07:22 CST 1984', 47);
INSERT INTO `fee` VALUES (5, 235, 53716, 0, 'Sun Dec 20 22:40:08 CST 1992', 'Wed Dec 25 04:38:13 CST 1991', 48);
INSERT INTO `fee` VALUES (5, 240, 40151, 0, 'Mon Aug 28 02:03:19 CST 1967', 'Sun Nov 28 02:35:25 CST 1976', 49);
INSERT INTO `fee` VALUES (5, 245, 41648, 0, 'Mon Dec 28 12:34:50 CST 1981', 'Thu Sep 12 05:09:45 CST 1957', 50);
INSERT INTO `fee` VALUES (6, 0, 68838, 0, 'Mon Dec 03 13:52:10 CST 1984', 'Mon Jul 24 19:25:57 CST 1995', 1);
INSERT INTO `fee` VALUES (6, 6, 59375, 0, 'Sun Nov 05 14:35:24 CST 1978', 'Thu Aug 01 02:21:23 CST 1974', 2);
INSERT INTO `fee` VALUES (6, 12, 40628, 0, 'Wed Mar 01 04:54:55 CST 1967', 'Mon Apr 10 15:51:48 CST 1961', 3);
INSERT INTO `fee` VALUES (6, 18, 9441, 0, 'Sun May 29 06:45:29 CST 1960', 'Sun Jul 21 10:22:58 CST 1974', 4);
INSERT INTO `fee` VALUES (6, 24, 23268, 0, 'Mon Jan 12 18:22:38 CST 1976', 'Wed Mar 02 08:39:58 CST 1983', 5);
INSERT INTO `fee` VALUES (6, 30, 81556, 0, 'Tue Apr 19 23:24:09 CST 1983', 'Mon Apr 12 13:13:13 CST 1999', 6);
INSERT INTO `fee` VALUES (6, 36, 29704, 0, 'Sat Sep 29 07:12:32 CST 2001', 'Tue Dec 21 14:55:24 CST 1976', 7);
INSERT INTO `fee` VALUES (6, 42, 15574, 0, 'Sat Jan 20 15:13:30 CST 1979', 'Tue Jan 05 13:25:49 CST 1988', 8);
INSERT INTO `fee` VALUES (6, 48, 47618, 0, 'Sun Aug 13 11:38:01 CST 1995', 'Fri Aug 08 21:15:16 CST 1997', 9);
INSERT INTO `fee` VALUES (6, 54, 57866, 0, 'Wed Feb 05 12:48:53 CST 1997', 'Fri Dec 16 12:42:53 CST 1977', 10);
INSERT INTO `fee` VALUES (6, 60, 3765, 0, 'Tue Apr 11 08:09:57 CST 2000', 'Sat Jul 31 15:48:34 CST 1982', 11);
INSERT INTO `fee` VALUES (6, 66, 70005, 0, 'Fri Oct 05 06:09:46 CST 1973', 'Thu May 08 15:05:13 CST 1969', 12);
INSERT INTO `fee` VALUES (6, 72, 38220, 0, 'Wed Feb 24 07:23:23 CST 1999', 'Thu Mar 04 03:11:13 CST 1971', 13);
INSERT INTO `fee` VALUES (6, 78, 65043, 0, 'Tue Jun 12 09:26:32 CST 1979', 'Mon Apr 29 14:39:46 CST 1974', 14);
INSERT INTO `fee` VALUES (6, 84, 59118, 0, 'Wed Sep 27 23:29:50 CST 1961', 'Sat Mar 23 18:06:14 CST 1963', 15);
INSERT INTO `fee` VALUES (6, 90, 78774, 0, 'Fri Jun 23 16:18:26 CST 1961', 'Sat Apr 04 20:27:35 CST 1992', 16);
INSERT INTO `fee` VALUES (6, 96, 78465, 0, 'Sun Mar 11 07:03:17 CST 1979', 'Thu Feb 04 00:08:21 CST 1988', 17);
INSERT INTO `fee` VALUES (6, 102, 7982, 0, 'Mon Nov 15 14:57:47 CST 1971', 'Tue Feb 01 14:50:17 CST 1994', 18);
INSERT INTO `fee` VALUES (6, 108, 7174, 0, 'Thu Feb 04 03:46:51 CST 1965', 'Tue Oct 02 23:04:19 CST 1984', 19);
INSERT INTO `fee` VALUES (6, 114, 23577, 0, 'Thu Feb 03 12:15:30 CST 1994', 'Thu Feb 05 10:56:10 CST 1981', 20);
INSERT INTO `fee` VALUES (6, 120, 6076, 0, 'Sat Nov 26 03:05:57 CST 1955', 'Fri Dec 20 03:12:33 CST 1991', 21);
INSERT INTO `fee` VALUES (6, 126, 71712, 0, 'Wed May 04 12:06:08 CST 1966', 'Sat May 19 19:40:39 CST 1956', 22);
INSERT INTO `fee` VALUES (6, 132, 63008, 0, 'Mon Sep 28 17:26:45 CST 1964', 'Thu Mar 16 17:06:06 CST 2000', 23);
INSERT INTO `fee` VALUES (6, 138, 42743, 0, 'Fri May 21 21:41:05 CST 1971', 'Wed Oct 29 08:23:39 CST 1980', 24);
INSERT INTO `fee` VALUES (6, 144, 78940, 0, 'Tue Oct 15 20:56:16 CST 1996', 'Thu Apr 04 13:15:53 CST 1957', 25);
INSERT INTO `fee` VALUES (6, 150, 17308, 0, 'Fri Jan 04 04:34:35 CST 1974', 'Sat Oct 25 05:50:17 CST 1969', 26);
INSERT INTO `fee` VALUES (6, 156, 72508, 0, 'Wed Jul 09 04:42:08 CDT 1986', 'Mon Sep 26 02:24:23 CST 1966', 27);
INSERT INTO `fee` VALUES (6, 162, 22672, 0, 'Wed Dec 02 23:34:29 CST 1992', 'Tue Dec 12 15:54:06 CST 2000', 28);
INSERT INTO `fee` VALUES (6, 168, 31451, 0, 'Fri Jul 31 00:01:55 CST 1998', 'Thu Oct 03 12:10:14 CST 1968', 29);
INSERT INTO `fee` VALUES (6, 174, 71651, 0, 'Sat Jul 12 07:48:48 CST 1980', 'Sat Mar 10 21:16:12 CST 1979', 30);
INSERT INTO `fee` VALUES (6, 180, 66530, 0, 'Wed Dec 31 08:02:51 CST 1969', 'Fri Apr 16 10:41:45 CST 1954', 31);
INSERT INTO `fee` VALUES (6, 186, 44394, 0, 'Fri Jan 28 11:15:36 CST 1994', 'Mon Nov 18 01:37:21 CST 1996', 32);
INSERT INTO `fee` VALUES (6, 192, 98457, 0, 'Fri May 17 13:12:41 CST 1996', 'Tue Nov 21 19:40:16 CST 1989', 33);
INSERT INTO `fee` VALUES (6, 198, 59132, 0, 'Sat Jun 10 10:46:27 CST 1961', 'Sun Apr 13 03:01:51 CST 1969', 34);
INSERT INTO `fee` VALUES (6, 204, 87360, 0, 'Mon Jan 04 17:55:25 CST 1971', 'Sat Mar 28 09:17:12 CST 1964', 35);
INSERT INTO `fee` VALUES (6, 210, 36055, 0, 'Thu Nov 17 12:42:23 CST 1994', 'Mon Feb 06 01:27:27 CST 1956', 36);
INSERT INTO `fee` VALUES (6, 216, 2305, 0, 'Fri Nov 20 16:00:55 CST 1964', 'Wed Jul 30 14:09:28 CST 1958', 37);
INSERT INTO `fee` VALUES (6, 222, 27994, 0, 'Sat Sep 14 21:08:52 CST 1963', 'Thu May 26 21:00:35 CST 1994', 38);
INSERT INTO `fee` VALUES (6, 228, 41995, 0, 'Mon Apr 06 04:03:26 CST 1998', 'Mon Nov 13 08:04:53 CST 2000', 39);
INSERT INTO `fee` VALUES (6, 234, 21099, 0, 'Thu Feb 11 14:50:41 CST 1982', 'Tue Apr 11 17:47:49 CST 1961', 40);
INSERT INTO `fee` VALUES (6, 240, 52138, 0, 'Wed Aug 10 07:10:14 CST 1983', 'Thu Apr 14 19:47:53 CST 1977', 41);
INSERT INTO `fee` VALUES (6, 246, 99276, 0, 'Tue Jun 03 20:10:59 CST 1980', 'Wed Jul 27 10:32:30 CDT 1988', 42);
INSERT INTO `fee` VALUES (6, 252, 59882, 0, 'Thu Feb 17 21:39:07 CST 1972', 'Tue Jan 28 21:54:32 CST 1969', 43);
INSERT INTO `fee` VALUES (6, 258, 33316, 0, 'Sun Oct 25 18:58:13 CST 1998', 'Thu Nov 08 09:02:06 CST 2001', 44);
INSERT INTO `fee` VALUES (6, 264, 6182, 0, 'Mon Apr 05 03:34:41 CST 1993', 'Tue Oct 30 19:29:18 CST 1979', 45);
INSERT INTO `fee` VALUES (6, 270, 49323, 0, 'Tue Jan 22 10:16:23 CST 1985', 'Fri Jan 28 17:10:45 CST 2000', 46);
INSERT INTO `fee` VALUES (6, 276, 97161, 0, 'Wed Jun 20 16:05:55 CST 2001', 'Mon Dec 01 16:13:33 CST 1997', 47);
INSERT INTO `fee` VALUES (6, 282, 76343, 0, 'Mon Jun 02 01:23:44 CDT 1986', 'Tue Jan 12 17:44:34 CST 1988', 48);
INSERT INTO `fee` VALUES (6, 288, 1302, 0, 'Sun Jul 15 13:43:39 CST 1956', 'Sun Mar 30 13:11:48 CST 1975', 49);
INSERT INTO `fee` VALUES (6, 294, 15026, 0, 'Sat May 29 12:37:54 CST 1993', 'Fri May 10 07:52:24 CDT 1991', 50);
INSERT INTO `fee` VALUES (7, 0, 11232, 0, 'Thu Jul 05 05:02:09 CST 1984', 'Wed Oct 30 23:04:33 CST 1963', 1);
INSERT INTO `fee` VALUES (7, 7, 40928, 0, 'Fri Sep 05 16:42:45 CST 1975', 'Thu Aug 07 23:08:35 CST 1997', 2);
INSERT INTO `fee` VALUES (7, 14, 39966, 0, 'Sun Mar 19 15:58:18 CST 1995', 'Sat Nov 05 11:08:55 CST 1960', 3);
INSERT INTO `fee` VALUES (7, 21, 53500, 0, 'Sat Aug 16 16:14:06 CST 1958', 'Sat Jan 08 20:09:20 CST 1994', 4);
INSERT INTO `fee` VALUES (7, 28, 95372, 0, 'Thu Jul 18 03:55:48 CST 1968', 'Tue Dec 07 21:56:53 CST 1999', 5);
INSERT INTO `fee` VALUES (7, 35, 3576, 0, 'Sun Oct 13 11:04:16 CST 1974', 'Sun Oct 05 04:51:43 CST 1958', 6);
INSERT INTO `fee` VALUES (7, 42, 76571, 0, 'Sat Jun 30 13:56:35 CST 1956', 'Wed Mar 01 11:38:00 CST 1978', 7);
INSERT INTO `fee` VALUES (7, 49, 77454, 0, 'Sun Jan 07 05:57:19 CST 1968', 'Wed Jun 01 21:06:30 CST 1960', 8);
INSERT INTO `fee` VALUES (7, 56, 89151, 0, 'Wed Dec 13 02:27:27 CST 1995', 'Sun Aug 19 20:59:48 CST 1962', 9);
INSERT INTO `fee` VALUES (7, 63, 51710, 0, 'Wed Sep 28 00:45:35 CST 1983', 'Wed Nov 12 08:21:26 CST 1986', 10);
INSERT INTO `fee` VALUES (7, 70, 27230, 0, 'Sun Aug 23 08:41:59 CDT 1987', 'Sat Feb 13 02:27:17 CST 1965', 11);
INSERT INTO `fee` VALUES (7, 77, 15864, 0, 'Fri May 27 00:04:10 CST 1955', 'Sun Nov 08 19:58:36 CST 1964', 12);
INSERT INTO `fee` VALUES (7, 84, 58184, 0, 'Wed Sep 30 03:58:29 CST 1970', 'Fri Jul 19 18:20:16 CST 1957', 13);
INSERT INTO `fee` VALUES (7, 91, 69687, 0, 'Wed Jan 24 17:13:20 CST 2001', 'Mon Oct 12 19:27:54 CST 1987', 14);
INSERT INTO `fee` VALUES (7, 98, 82080, 0, 'Fri Jun 07 07:12:50 CDT 1991', 'Sat Jun 29 10:47:31 CST 1974', 15);
INSERT INTO `fee` VALUES (7, 105, 97129, 0, 'Fri Sep 03 00:30:33 CST 1965', 'Thu Jul 08 00:15:37 CST 1954', 16);
INSERT INTO `fee` VALUES (7, 112, 71807, 0, 'Tue Apr 17 05:48:02 CDT 1990', 'Fri Mar 30 01:10:44 CST 1984', 17);
INSERT INTO `fee` VALUES (7, 119, 53477, 0, 'Thu Jul 28 12:23:41 CST 1955', 'Sat Jan 02 03:39:39 CST 1988', 18);
INSERT INTO `fee` VALUES (7, 126, 95066, 0, 'Fri Feb 03 22:00:28 CST 1961', 'Fri Mar 20 22:13:50 CST 1959', 19);
INSERT INTO `fee` VALUES (7, 133, 1852, 0, 'Fri Feb 15 02:49:10 CST 1985', 'Sat Jun 01 07:09:25 CST 1996', 20);
INSERT INTO `fee` VALUES (7, 140, 93674, 0, 'Mon Dec 14 17:09:03 CST 1992', 'Thu Jan 30 01:57:47 CST 1992', 21);
INSERT INTO `fee` VALUES (7, 147, 28255, 0, 'Mon Jul 09 14:14:05 CST 1984', 'Thu Dec 29 12:21:37 CST 1955', 22);
INSERT INTO `fee` VALUES (7, 154, 27674, 0, 'Fri Mar 01 14:58:50 CST 1991', 'Fri Jul 22 09:07:07 CST 1966', 23);
INSERT INTO `fee` VALUES (7, 161, 4218, 0, 'Sat Apr 23 19:57:59 CDT 1988', 'Sun Nov 17 13:47:37 CST 1968', 24);
INSERT INTO `fee` VALUES (7, 168, 68197, 0, 'Fri Jul 18 11:41:07 CST 1980', 'Tue Nov 17 16:12:49 CST 1992', 25);
INSERT INTO `fee` VALUES (7, 175, 90820, 0, 'Wed Feb 13 23:34:26 CST 1957', 'Tue Jul 22 05:36:54 CST 1958', 26);
INSERT INTO `fee` VALUES (7, 182, 66152, 0, 'Fri Dec 14 08:26:13 CST 1979', 'Wed Oct 13 08:29:10 CST 1971', 27);
INSERT INTO `fee` VALUES (7, 189, 45705, 0, 'Sat Aug 29 02:05:14 CST 1992', 'Mon Jan 25 09:05:20 CST 1954', 28);
INSERT INTO `fee` VALUES (7, 196, 27134, 0, 'Wed Apr 05 11:21:47 CST 1989', 'Sat Oct 04 18:17:49 CST 1969', 29);
INSERT INTO `fee` VALUES (7, 203, 8349, 0, 'Sun Apr 04 09:49:00 CST 1982', 'Sun Feb 26 21:50:34 CST 1967', 30);
INSERT INTO `fee` VALUES (7, 210, 55657, 0, 'Mon Jan 30 05:14:01 CST 1978', 'Wed Mar 02 22:49:01 CST 1960', 31);
INSERT INTO `fee` VALUES (7, 217, 66302, 0, 'Wed Jul 30 00:16:58 CST 1969', 'Tue May 25 01:12:56 CST 1976', 32);
INSERT INTO `fee` VALUES (7, 224, 67800, 0, 'Fri Apr 05 17:38:53 CST 1985', 'Sun Feb 04 13:04:19 CST 1996', 33);
INSERT INTO `fee` VALUES (7, 231, 4624, 0, 'Wed Jul 30 12:19:04 CST 1975', 'Wed Mar 23 01:17:01 CST 1977', 34);
INSERT INTO `fee` VALUES (7, 238, 70031, 0, 'Thu Dec 17 10:41:27 CST 1987', 'Mon Aug 12 06:25:29 CST 1985', 35);
INSERT INTO `fee` VALUES (7, 245, 97618, 0, 'Wed Nov 04 22:44:10 CST 1981', 'Fri Jan 16 01:32:40 CST 1959', 36);
INSERT INTO `fee` VALUES (7, 252, 23628, 0, 'Fri Dec 09 19:50:36 CST 1955', 'Sun Sep 19 16:59:42 CST 1993', 37);
INSERT INTO `fee` VALUES (7, 259, 45503, 0, 'Sat Jul 26 11:35:13 CST 1975', 'Sat Nov 10 13:43:37 CST 1990', 38);
INSERT INTO `fee` VALUES (7, 266, 88700, 0, 'Fri Jul 18 15:29:18 CDT 1986', 'Thu Dec 07 16:45:58 CST 1961', 39);
INSERT INTO `fee` VALUES (7, 273, 2414, 0, 'Sat Dec 04 12:59:05 CST 1993', 'Thu Nov 19 00:31:16 CST 1992', 40);
INSERT INTO `fee` VALUES (7, 280, 23055, 0, 'Thu Oct 24 17:13:12 CST 1996', 'Sun Dec 05 20:54:40 CST 1993', 41);
INSERT INTO `fee` VALUES (7, 287, 58626, 0, 'Sat Aug 01 08:43:39 CST 1992', 'Wed Sep 04 12:24:00 CST 1996', 42);
INSERT INTO `fee` VALUES (7, 294, 15038, 0, 'Fri Apr 20 00:31:54 CST 1962', 'Sun Jan 30 18:36:40 CST 1966', 43);
INSERT INTO `fee` VALUES (7, 301, 79482, 0, 'Wed Mar 16 14:08:40 CST 1960', 'Wed Dec 14 20:23:44 CST 1955', 44);
INSERT INTO `fee` VALUES (7, 308, 95738, 0, 'Thu Dec 21 19:31:58 CST 1967', 'Tue Mar 02 01:30:44 CST 1993', 45);
INSERT INTO `fee` VALUES (7, 315, 39316, 0, 'Wed Jun 22 17:58:41 CDT 1988', 'Fri Jun 20 04:27:37 CST 1997', 46);
INSERT INTO `fee` VALUES (7, 322, 91258, 0, 'Sat Jun 27 05:47:14 CST 1981', 'Sat Feb 24 01:02:17 CST 1979', 47);
INSERT INTO `fee` VALUES (7, 329, 17355, 0, 'Thu Apr 06 19:26:43 CST 1978', 'Sun Sep 03 12:19:48 CST 1972', 48);
INSERT INTO `fee` VALUES (7, 336, 29314, 0, 'Mon Jul 05 15:16:33 CST 1971', 'Fri Jul 26 11:09:20 CST 1974', 49);
INSERT INTO `fee` VALUES (7, 343, 54289, 0, 'Mon Aug 09 10:18:27 CST 1965', 'Thu Jan 22 21:20:00 CST 1987', 50);
INSERT INTO `fee` VALUES (8, 0, 18109, 0, 'Sun Dec 01 01:15:38 CST 1963', 'Sun Dec 28 14:36:57 CST 1958', 1);
INSERT INTO `fee` VALUES (8, 8, 5891, 0, 'Wed May 05 17:58:09 CST 1993', 'Sun Feb 20 06:49:05 CST 1977', 2);
INSERT INTO `fee` VALUES (8, 16, 87380, 0, 'Mon Jan 25 02:43:38 CST 1965', 'Sun Nov 16 00:42:28 CST 1997', 3);
INSERT INTO `fee` VALUES (8, 24, 90875, 0, 'Wed Apr 26 03:43:12 CST 2000', 'Thu Nov 07 13:32:46 CST 1968', 4);
INSERT INTO `fee` VALUES (8, 32, 84595, 0, 'Sat Jul 22 15:35:51 CST 2000', 'Wed May 13 12:51:55 CST 1970', 5);
INSERT INTO `fee` VALUES (8, 40, 14861, 0, 'Wed Dec 30 03:26:45 CST 1981', 'Thu Jun 11 14:08:57 CDT 1987', 6);
INSERT INTO `fee` VALUES (8, 48, 54347, 0, 'Fri Mar 01 08:05:07 CST 1968', 'Mon Aug 24 05:33:35 CDT 1987', 7);
INSERT INTO `fee` VALUES (8, 56, 52439, 0, 'Wed Apr 28 05:20:20 CST 1954', 'Wed Sep 15 04:49:16 CST 1982', 8);
INSERT INTO `fee` VALUES (8, 64, 14553, 0, 'Sat Jun 13 18:03:20 CST 1992', 'Thu Feb 08 11:44:33 CST 1973', 9);
INSERT INTO `fee` VALUES (8, 72, 99506, 0, 'Mon May 14 22:59:13 CST 2001', 'Sun Nov 27 13:16:27 CST 1966', 10);
INSERT INTO `fee` VALUES (8, 80, 18996, 0, 'Sat Sep 01 02:55:57 CST 1962', 'Sun Nov 27 15:00:14 CST 1960', 11);
INSERT INTO `fee` VALUES (8, 88, 33111, 0, 'Wed Nov 22 15:55:25 CST 1961', 'Tue Jun 19 00:45:41 CDT 1990', 12);
INSERT INTO `fee` VALUES (8, 96, 72661, 0, 'Mon Mar 22 21:37:28 CST 1993', 'Mon Oct 11 17:52:51 CST 1993', 13);
INSERT INTO `fee` VALUES (8, 104, 6121, 0, 'Mon Jun 21 22:47:16 CST 1954', 'Thu Feb 03 13:04:14 CST 1977', 14);
INSERT INTO `fee` VALUES (8, 112, 78778, 0, 'Sat Nov 26 11:19:20 CST 1988', 'Sat Mar 07 14:32:07 CST 1981', 15);
INSERT INTO `fee` VALUES (8, 120, 63943, 0, 'Wed Jun 30 05:24:41 CST 1965', 'Mon May 13 22:55:19 CST 1996', 16);
INSERT INTO `fee` VALUES (8, 128, 31543, 0, 'Sun Mar 05 21:53:30 CST 1995', 'Mon Oct 16 23:38:52 CST 1972', 17);
INSERT INTO `fee` VALUES (8, 136, 27903, 0, 'Thu Feb 12 20:13:11 CST 1959', 'Thu Nov 28 11:18:10 CST 1963', 18);
INSERT INTO `fee` VALUES (8, 144, 86256, 0, 'Mon Apr 13 02:16:43 CST 1998', 'Wed Jul 12 17:18:30 CST 1995', 19);
INSERT INTO `fee` VALUES (8, 152, 71673, 0, 'Mon Sep 26 07:52:31 CST 1977', 'Thu Dec 17 18:34:56 CST 1970', 20);
INSERT INTO `fee` VALUES (8, 160, 62408, 0, 'Sun Jul 25 19:14:02 CST 1954', 'Wed Sep 24 14:43:28 CST 1975', 21);
INSERT INTO `fee` VALUES (8, 168, 56962, 0, 'Sun Oct 10 18:41:31 CST 1982', 'Thu Feb 02 20:28:57 CST 1995', 22);
INSERT INTO `fee` VALUES (8, 176, 17361, 0, 'Sat Jul 21 21:22:36 CST 1956', 'Mon Mar 31 17:00:12 CST 1986', 23);
INSERT INTO `fee` VALUES (8, 184, 96883, 0, 'Wed May 04 18:33:49 CST 1955', 'Sat Dec 16 01:45:33 CST 1995', 24);
INSERT INTO `fee` VALUES (8, 192, 63649, 0, 'Tue Mar 26 17:23:13 CST 1968', 'Tue Jul 19 12:05:51 CST 1994', 25);
INSERT INTO `fee` VALUES (8, 200, 55295, 0, 'Sun Jul 28 14:37:51 CST 1974', 'Fri Oct 03 22:01:28 CST 1969', 26);
INSERT INTO `fee` VALUES (8, 208, 17807, 0, 'Wed Nov 10 12:37:01 CST 1993', 'Sun May 11 17:28:10 CST 1969', 27);
INSERT INTO `fee` VALUES (8, 216, 85672, 0, 'Sun Feb 25 20:04:48 CST 1973', 'Fri Dec 30 05:11:18 CST 1966', 28);
INSERT INTO `fee` VALUES (8, 224, 51676, 0, 'Sat Oct 28 11:48:01 CST 1989', 'Sat Jul 28 14:31:22 CST 1979', 29);
INSERT INTO `fee` VALUES (8, 232, 80147, 0, 'Mon Aug 15 21:49:00 CST 1955', 'Fri Jan 03 09:30:11 CST 1958', 30);
INSERT INTO `fee` VALUES (8, 240, 30246, 0, 'Mon Jul 12 16:53:08 CST 1982', 'Mon Feb 19 20:33:50 CST 1979', 31);
INSERT INTO `fee` VALUES (8, 248, 58331, 0, 'Tue Oct 12 11:48:00 CST 1982', 'Tue Nov 09 20:30:15 CST 1965', 32);
INSERT INTO `fee` VALUES (8, 256, 41083, 0, 'Sat May 29 03:13:59 CST 1971', 'Sat Jan 27 02:42:02 CST 1962', 33);
INSERT INTO `fee` VALUES (8, 264, 69491, 0, 'Sat Sep 29 02:37:47 CST 2001', 'Wed Jan 13 05:02:48 CST 1988', 34);
INSERT INTO `fee` VALUES (8, 272, 11142, 0, 'Wed Jun 17 10:49:27 CST 1992', 'Sat Nov 11 06:30:19 CST 2000', 35);
INSERT INTO `fee` VALUES (8, 280, 7817, 0, 'Sat Feb 01 11:28:21 CST 1969', 'Tue Jan 10 08:01:04 CST 1989', 36);
INSERT INTO `fee` VALUES (8, 288, 31874, 0, 'Sat Jun 10 10:39:00 CST 1967', 'Fri Nov 30 23:26:26 CST 1973', 37);
INSERT INTO `fee` VALUES (8, 296, 36310, 0, 'Sun Sep 24 10:12:51 CST 1961', 'Wed May 12 11:24:00 CST 1993', 38);
INSERT INTO `fee` VALUES (8, 304, 25640, 0, 'Sun May 13 13:04:21 CST 2001', 'Mon Nov 17 13:27:08 CST 1958', 39);
INSERT INTO `fee` VALUES (8, 312, 67954, 0, 'Tue Aug 03 00:29:03 CST 1954', 'Sat Jul 28 03:52:53 CST 1979', 40);
INSERT INTO `fee` VALUES (8, 320, 3055, 0, 'Sat Feb 04 10:48:06 CST 1984', 'Thu Aug 03 14:24:10 CST 1972', 41);
INSERT INTO `fee` VALUES (8, 328, 9033, 0, 'Mon Mar 27 08:41:42 CST 1972', 'Fri Dec 22 02:15:37 CST 1989', 42);
INSERT INTO `fee` VALUES (8, 336, 67209, 0, 'Sun Nov 17 19:41:46 CST 1974', 'Tue Apr 13 12:37:25 CST 1982', 43);
INSERT INTO `fee` VALUES (8, 344, 89877, 0, 'Sun Dec 15 08:18:16 CST 1963', 'Thu Jun 30 03:59:20 CDT 1988', 44);
INSERT INTO `fee` VALUES (8, 352, 77478, 0, 'Sat Feb 06 04:00:44 CST 1993', 'Sat Jun 10 18:16:49 CST 2000', 45);
INSERT INTO `fee` VALUES (8, 360, 40333, 0, 'Mon May 27 04:38:53 CST 1985', 'Tue May 11 11:27:37 CST 1976', 46);
INSERT INTO `fee` VALUES (8, 368, 54494, 0, 'Wed Feb 26 08:20:06 CST 1958', 'Fri Jan 05 07:43:36 CST 1962', 47);
INSERT INTO `fee` VALUES (8, 376, 67135, 0, 'Sat Apr 10 10:27:29 CST 1976', 'Sun Jan 28 17:07:38 CST 1968', 48);
INSERT INTO `fee` VALUES (8, 384, 69744, 0, 'Mon Jan 20 15:06:47 CST 1964', 'Wed Aug 11 12:26:00 CST 1971', 49);
INSERT INTO `fee` VALUES (8, 392, 91091, 0, 'Thu Sep 17 23:59:40 CST 1987', 'Sat Nov 19 15:27:27 CST 1960', 50);
INSERT INTO `fee` VALUES (9, 0, 70179, 0, 'Sun Mar 14 04:21:40 CST 1954', 'Sun May 25 11:45:05 CST 1969', 1);
INSERT INTO `fee` VALUES (9, 9, 61428, 0, 'Thu Dec 20 21:18:03 CST 1962', 'Fri Jul 26 18:26:43 CST 1963', 2);
INSERT INTO `fee` VALUES (9, 18, 16294, 0, 'Mon Aug 21 03:10:47 CST 1961', 'Sat Aug 03 23:45:54 CST 1968', 3);
INSERT INTO `fee` VALUES (9, 27, 10022, 0, 'Sun Jul 31 23:37:31 CST 1966', 'Fri Aug 07 12:04:07 CST 1959', 4);
INSERT INTO `fee` VALUES (9, 36, 20044, 0, 'Sun May 23 18:40:41 CST 1965', 'Sat May 27 18:51:08 CST 1961', 5);
INSERT INTO `fee` VALUES (9, 45, 91236, 0, 'Sat Mar 02 10:11:41 CST 1974', 'Wed Jan 25 13:52:03 CST 1995', 6);
INSERT INTO `fee` VALUES (9, 54, 15002, 0, 'Wed Apr 27 19:03:10 CST 1955', 'Sun Apr 12 17:04:18 CST 1992', 7);
INSERT INTO `fee` VALUES (9, 63, 52665, 0, 'Wed Apr 14 20:04:25 CST 1976', 'Mon Oct 29 10:53:14 CST 1984', 8);
INSERT INTO `fee` VALUES (9, 72, 90220, 0, 'Sat Mar 23 06:25:51 CST 1963', 'Tue Oct 15 04:21:24 CST 1968', 9);
INSERT INTO `fee` VALUES (9, 81, 25314, 0, 'Tue Feb 01 20:53:08 CST 2000', 'Wed Nov 12 01:01:34 CST 1969', 10);
INSERT INTO `fee` VALUES (9, 90, 73088, 0, 'Mon Oct 02 01:24:41 CST 1978', 'Sun Jan 09 18:02:19 CST 1977', 11);
INSERT INTO `fee` VALUES (9, 99, 84502, 0, 'Thu Sep 18 05:12:58 CST 1997', 'Thu Apr 23 01:44:48 CST 1970', 12);
INSERT INTO `fee` VALUES (9, 108, 92539, 0, 'Sat Sep 10 13:30:09 CST 1966', 'Thu Jan 11 07:26:10 CST 1968', 13);
INSERT INTO `fee` VALUES (9, 117, 86955, 0, 'Fri Jun 25 23:42:19 CST 1971', 'Fri Sep 07 12:41:26 CST 1973', 14);
INSERT INTO `fee` VALUES (9, 126, 32932, 0, 'Mon Feb 18 06:24:07 CST 1985', 'Thu May 28 15:02:07 CST 1970', 15);
INSERT INTO `fee` VALUES (9, 135, 64389, 0, 'Thu Oct 29 15:03:26 CST 1992', 'Thu Dec 06 23:58:25 CST 1962', 16);
INSERT INTO `fee` VALUES (9, 144, 46586, 0, 'Sat Oct 06 10:18:03 CST 1973', 'Wed Mar 12 08:30:49 CST 1980', 17);
INSERT INTO `fee` VALUES (9, 153, 16063, 0, 'Sun Oct 15 19:36:56 CST 1972', 'Mon Jan 15 12:48:16 CST 1973', 18);
INSERT INTO `fee` VALUES (9, 162, 88029, 0, 'Sat Jan 07 00:35:31 CST 1967', 'Thu Jan 12 18:24:31 CST 1967', 19);
INSERT INTO `fee` VALUES (9, 171, 89335, 0, 'Fri Mar 02 18:14:07 CST 1956', 'Mon Jan 07 05:41:34 CST 1963', 20);
INSERT INTO `fee` VALUES (9, 180, 41424, 0, 'Tue Dec 02 06:48:19 CST 1969', 'Sat Aug 09 05:45:56 CST 1975', 21);
INSERT INTO `fee` VALUES (9, 189, 2775, 0, 'Tue Jun 09 09:06:02 CST 1998', 'Sun Jul 01 10:33:50 CST 1979', 22);
INSERT INTO `fee` VALUES (9, 198, 57773, 0, 'Tue Jan 18 16:00:09 CST 1966', 'Sun Aug 15 00:09:43 CST 1976', 23);
INSERT INTO `fee` VALUES (9, 207, 3776, 0, 'Mon Oct 18 20:18:57 CST 1999', 'Tue Dec 17 11:39:35 CST 1996', 24);
INSERT INTO `fee` VALUES (9, 216, 9288, 0, 'Tue Jun 14 17:57:42 CST 1955', 'Mon Jan 11 21:35:07 CST 1960', 25);
INSERT INTO `fee` VALUES (9, 225, 69649, 0, 'Fri Jun 23 10:21:54 CDT 1989', 'Thu Jul 07 17:51:51 CST 1977', 26);
INSERT INTO `fee` VALUES (9, 234, 41147, 0, 'Thu Sep 17 04:17:52 CST 1987', 'Mon Jun 01 16:06:01 CST 1959', 27);
INSERT INTO `fee` VALUES (9, 243, 55146, 0, 'Wed Oct 19 07:25:50 CST 1977', 'Thu Jul 07 01:06:45 CST 1983', 28);
INSERT INTO `fee` VALUES (9, 252, 59805, 0, 'Tue Oct 17 22:21:12 CST 1967', 'Thu Aug 20 06:29:48 CST 1992', 29);
INSERT INTO `fee` VALUES (9, 261, 25136, 0, 'Tue Aug 11 12:31:44 CST 1964', 'Fri Jul 28 23:36:32 CDT 1989', 30);
INSERT INTO `fee` VALUES (9, 270, 96243, 0, 'Tue May 17 08:17:23 CST 1994', 'Sun Apr 13 12:10:20 CST 1975', 31);
INSERT INTO `fee` VALUES (9, 279, 24043, 0, 'Sat Nov 11 12:44:08 CST 2000', 'Sat Nov 08 23:45:16 CST 1975', 32);
INSERT INTO `fee` VALUES (9, 288, 1593, 0, 'Tue Jul 24 18:41:03 CST 2001', 'Wed Jan 09 16:17:52 CST 1985', 33);
INSERT INTO `fee` VALUES (9, 297, 47121, 0, 'Tue Jun 24 16:16:47 CST 1980', 'Fri Nov 12 03:07:11 CST 1971', 34);
INSERT INTO `fee` VALUES (9, 306, 81573, 0, 'Fri Jun 30 20:06:05 CST 1961', 'Tue May 09 12:02:29 CST 1972', 35);
INSERT INTO `fee` VALUES (9, 315, 90674, 0, 'Thu Dec 02 10:05:26 CST 1954', 'Tue Nov 12 10:48:11 CST 1991', 36);
INSERT INTO `fee` VALUES (9, 324, 63362, 0, 'Thu May 04 13:57:13 CST 1972', 'Mon Jan 08 09:18:57 CST 1962', 37);
INSERT INTO `fee` VALUES (9, 333, 73104, 0, 'Thu Apr 02 06:37:47 CST 1987', 'Sat Jan 06 18:33:12 CST 1968', 38);
INSERT INTO `fee` VALUES (9, 342, 44952, 0, 'Sat Oct 19 15:04:08 CST 1957', 'Wed Dec 30 10:56:19 CST 1987', 39);
INSERT INTO `fee` VALUES (9, 351, 89460, 0, 'Wed Oct 16 05:38:27 CST 1963', 'Sun Sep 23 17:13:14 CST 1962', 40);
INSERT INTO `fee` VALUES (9, 360, 81207, 0, 'Sun Aug 23 20:37:00 CST 1964', 'Tue Oct 21 11:57:56 CST 1997', 41);
INSERT INTO `fee` VALUES (9, 369, 34955, 0, 'Thu May 21 22:00:49 CDT 1987', 'Wed Oct 18 20:39:45 CST 1995', 42);
INSERT INTO `fee` VALUES (9, 378, 34132, 0, 'Fri Jul 11 13:13:47 CST 1969', 'Tue Jun 12 19:52:37 CST 1973', 43);
INSERT INTO `fee` VALUES (9, 387, 67608, 0, 'Sun Jan 01 20:34:37 CST 1967', 'Sun Jan 26 22:15:21 CST 1997', 44);
INSERT INTO `fee` VALUES (9, 396, 55622, 0, 'Wed Oct 13 10:35:31 CST 1954', 'Sun Nov 28 14:16:54 CST 1999', 45);
INSERT INTO `fee` VALUES (9, 405, 25795, 0, 'Thu Jan 24 13:22:02 CST 1980', 'Sun Nov 12 12:03:40 CST 1961', 46);
INSERT INTO `fee` VALUES (9, 414, 85298, 0, 'Sun Sep 12 18:20:45 CST 1976', 'Fri Dec 31 23:09:50 CST 1999', 47);
INSERT INTO `fee` VALUES (9, 423, 41725, 0, 'Sun May 28 07:59:25 CST 1978', 'Wed Feb 21 15:18:12 CST 1990', 48);
INSERT INTO `fee` VALUES (9, 432, 21724, 0, 'Wed Apr 29 23:33:25 CST 1970', 'Thu Dec 16 14:52:38 CST 1982', 49);
INSERT INTO `fee` VALUES (9, 441, 81508, 0, 'Sat Jul 24 05:56:08 CST 1976', 'Mon Jul 14 08:17:30 CDT 1986', 50);

-- ----------------------------
-- Table structure for implement
-- ----------------------------
DROP TABLE IF EXISTS `implement`;
CREATE TABLE `implement`  (
  `impleid` int(11) NOT NULL,
  `implename` varchar(255) CHARACTER SET utf8 COLLATE utf8_general_ci NULL DEFAULT NULL,
  `projectid` int(11) NOT NULL,
  `implestart` varchar(255) CHARACTER SET utf8 COLLATE utf8_general_ci NULL DEFAULT NULL,
  `impleend` varchar(255) CHARACTER SET utf8 COLLATE utf8_general_ci NULL DEFAULT NULL,
  `userid` int(11) NOT NULL,
  PRIMARY KEY (`impleid`) USING BTREE,
  INDEX `peojectid`(`projectid`) USING BTREE,
  CONSTRAINT `implement_ibfk_1` FOREIGN KEY (`projectid`) REFERENCES `project` (`projectid`) ON DELETE RESTRICT ON UPDATE RESTRICT
) ENGINE = InnoDB CHARACTER SET = utf8 COLLATE = utf8_general_ci ROW_FORMAT = Dynamic;

-- ----------------------------
-- Records of implement
-- ----------------------------
INSERT INTO `implement` VALUES (0, 'Principal Accountability Engineer', 1, 'Sun Apr 25 07:07:25 CST 1993', 'Thu Jul 12 12:39:01 CDT 1990', 0);
INSERT INTO `implement` VALUES (1, '小全世界行', 10, 'Mon Jul 01 10:42:41 CST 2019', 'Tue Jul 02 10:42:41 CST 2019', 1);
INSERT INTO `implement` VALUES (2, 'International Metrics Analyst', 2, 'Fri Feb 26 19:47:09 CST 1999', 'Sun Jul 24 05:08:01 CST 1977', 0);
INSERT INTO `implement` VALUES (3, 'Regional Communications Designer', 3, 'Sat Jan 04 19:33:55 CST 1969', 'Fri Aug 01 09:12:32 CST 1980', 0);
INSERT INTO `implement` VALUES (4, 'Senior Identity Engineer', 4, 'Mon Jun 11 05:23:39 CDT 1990', 'Wed Apr 11 13:43:01 CST 1962', 0);
INSERT INTO `implement` VALUES (5, 'Dynamic Implementation Orchestrator', 5, 'Mon Apr 04 23:08:24 CST 1966', 'Sun Aug 15 19:54:22 CST 1999', 0);
INSERT INTO `implement` VALUES (6, 'Human Configuration Administrator', 6, 'Sat Jan 26 20:09:38 CST 1985', 'Mon Mar 04 00:24:12 CST 1963', 0);
INSERT INTO `implement` VALUES (7, 'Central Optimization Architect', 7, 'Thu Jul 15 01:55:51 CST 1976', 'Wed May 14 09:17:35 CST 1958', 1);
INSERT INTO `implement` VALUES (8, 'Dynamic Identity Officer', 8, 'Sat Oct 29 13:28:30 CST 1988', 'Mon May 24 13:13:30 CST 1993', 1);
INSERT INTO `implement` VALUES (9, 'Corporate Brand Engineer', 9, 'Thu Feb 21 04:44:20 CST 1991', 'Fri Feb 18 01:25:24 CST 1994', 1);
INSERT INTO `implement` VALUES (10, 'Central Optimization Assistant', 5, 'Sat Nov 26 22:04:18 CST 1960', 'Mon Oct 15 21:00:54 CST 1973', 2);
INSERT INTO `implement` VALUES (12, '8465120', 10, '01 July 2019 - 11:05 am', '01 July 2019 - 11:05 am', 0);
INSERT INTO `implement` VALUES (14, 'Senior Group Specialist', 7, 'Mon Dec 03 19:02:24 CST 1979', 'Wed Oct 20 13:26:16 CST 1976', 2);
INSERT INTO `implement` VALUES (15, 'Dynamic Identity Orchestrator', 5, 'Mon Aug 08 14:21:53 CDT 1988', 'Sun Jun 14 04:56:45 CST 1981', 3);
INSERT INTO `implement` VALUES (16, 'Lead Quality Specialist', 8, 'Sat Sep 21 16:40:41 CST 1963', 'Mon Dec 31 14:35:13 CST 1990', 2);
INSERT INTO `implement` VALUES (18, 'District Directives Assistant', 9, 'Wed Feb 19 06:23:12 CST 1992', 'Sat Jun 29 14:09:15 CST 1957', 2);
INSERT INTO `implement` VALUES (20, 'Legacy Solutions Director', 5, 'Sat Aug 31 08:04:03 CDT 1991', 'Wed Mar 14 02:56:19 CST 1956', 4);
INSERT INTO `implement` VALUES (21, 'Corporate Security Agent', 7, 'Thu Aug 29 10:49:36 CST 1996', 'Sun Apr 01 11:33:37 CST 1956', 3);
INSERT INTO `implement` VALUES (24, 'Future Integration Administrator', 8, 'Fri Jun 08 21:15:09 CST 1956', 'Thu Aug 19 14:57:56 CST 1976', 3);
INSERT INTO `implement` VALUES (25, 'Lead Mobility Engineer', 5, 'Wed Jun 08 16:01:48 CST 1994', 'Tue Aug 28 20:01:48 CST 1984', 5);
INSERT INTO `implement` VALUES (27, 'Direct Group Technician', 9, 'Fri Feb 15 00:57:35 CST 1991', 'Sun Apr 09 15:51:55 CST 1978', 3);
INSERT INTO `implement` VALUES (28, 'Principal Integration Supervisor', 7, 'Tue Dec 01 10:51:09 CST 1992', 'Fri Jan 26 16:52:09 CST 1996', 4);
INSERT INTO `implement` VALUES (30, 'Global Applications Specialist', 6, 'Tue Sep 28 16:10:23 CST 1999', 'Tue Oct 06 17:33:39 CST 1970', 5);
INSERT INTO `implement` VALUES (32, 'Global Markets Executive', 8, 'Mon Mar 08 06:21:11 CST 1954', 'Sun Jan 08 14:05:42 CST 1956', 4);
INSERT INTO `implement` VALUES (35, 'Product Accountability Manager', 7, 'Mon Aug 08 07:59:09 CST 1983', 'Mon Oct 19 18:57:39 CST 1964', 5);
INSERT INTO `implement` VALUES (36, 'Forward Directives Supervisor', 9, 'Wed Jan 02 15:09:21 CST 1985', 'Sat Jul 25 06:44:42 CST 1970', 4);
INSERT INTO `implement` VALUES (40, 'Corporate Paradigm Liaison', 8, 'Fri May 27 13:20:08 CDT 1988', 'Mon Feb 12 19:34:18 CST 1979', 5);
INSERT INTO `implement` VALUES (42, 'Internal Configuration Planner', 7, 'Fri Nov 29 03:19:05 CST 1968', 'Sun Apr 23 22:02:30 CST 1961', 6);
INSERT INTO `implement` VALUES (45, 'National Security Engineer', 9, 'Sat Aug 17 21:55:04 CDT 1991', 'Sat Jun 29 18:32:46 CST 1974', 5);
INSERT INTO `implement` VALUES (48, 'Internal Paradigm Agent', 8, 'Mon Jan 03 05:58:38 CST 1983', 'Thu Jun 11 09:05:48 CST 1964', 6);
INSERT INTO `implement` VALUES (49, 'District Accountability Producer', 7, 'Tue May 05 23:07:39 CST 1970', 'Mon May 15 06:08:20 CST 2000', 7);
INSERT INTO `implement` VALUES (54, 'District Accounts Representative', 9, 'Fri Mar 17 16:11:14 CST 1967', 'Tue May 11 19:06:53 CST 1954', 6);
INSERT INTO `implement` VALUES (56, 'Forward Solutions Strategist', 8, 'Sun Nov 20 14:50:07 CST 1966', 'Thu Jul 24 12:58:58 CST 1969', 7);
INSERT INTO `implement` VALUES (63, 'Lead Paradigm Architect', 9, 'Fri Jan 09 13:01:37 CST 1959', 'Fri Jul 12 23:39:51 CST 1968', 7);
INSERT INTO `implement` VALUES (64, 'Senior Solutions Administrator', 8, 'Sun Sep 25 19:23:41 CST 1966', 'Mon Jan 06 11:56:57 CST 1992', 8);
INSERT INTO `implement` VALUES (72, 'Human Functionality Producer', 9, 'Tue Aug 02 22:18:29 CST 1966', 'Thu Jan 24 05:42:22 CST 1980', 8);
INSERT INTO `implement` VALUES (81, 'Direct Operations Associate', 9, 'Fri Dec 10 15:40:03 CST 1965', 'Wed Aug 03 22:39:09 CST 1960', 9);

-- ----------------------------
-- Table structure for project
-- ----------------------------
DROP TABLE IF EXISTS `project`;
CREATE TABLE `project`  (
  `projectid` int(11) NOT NULL,
  `projectname` varchar(255) CHARACTER SET utf8 COLLATE utf8_general_ci NULL DEFAULT NULL,
  `overview` varchar(255) CHARACTER SET utf8 COLLATE utf8_general_ci NULL DEFAULT NULL,
  `doc` varchar(255) CHARACTER SET utf8 COLLATE utf8_general_ci NULL DEFAULT NULL,
  PRIMARY KEY (`projectid`) USING BTREE
) ENGINE = InnoDB CHARACTER SET = utf8 COLLATE = utf8_general_ci ROW_FORMAT = Dynamic;

-- ----------------------------
-- Records of project
-- ----------------------------
INSERT INTO `project` VALUES (1, 'Direct Mobility Orchestrator', '贺, 贺 and 贺', '17092704796');
INSERT INTO `project` VALUES (2, 'Central Identity Developer', '于, 于 and 于', '15581059411');
INSERT INTO `project` VALUES (3, 'hongjie', 'hongjie', 'hongjie');
INSERT INTO `project` VALUES (4, 'Global Implementation Supervisor', '钟 Group', '17307147011');
INSERT INTO `project` VALUES (5, 'District Creative Engineer', '范 LLC', '17763614243');
INSERT INTO `project` VALUES (6, 'Dynamic Mobility Liaison', '林-林', '17028804698');
INSERT INTO `project` VALUES (7, 'Central Communications Designer', '龙-龙', '14763953115');
INSERT INTO `project` VALUES (8, '洪杰在行动', 'warming heart', '不好');
INSERT INTO `project` VALUES (9, 'Corporate Mobility Specialist', '蔡, 蔡 and 蔡', '15656373071');
INSERT INTO `project` VALUES (10, 'Senior Web Supervisor', '邹, 邹 and 邹', '17541243234');
INSERT INTO `project` VALUES (11, 'Internal Operations Assistant', '程-程', '15396792586');
INSERT INTO `project` VALUES (12, 'Product Accountability Facilitator', '邹-邹', '15641242826');
INSERT INTO `project` VALUES (13, 'Future Brand Director', '钱 Inc', '17723544376');
INSERT INTO `project` VALUES (14, 'Regional Infrastructure Supervisor', '邱-邱', '17178601356');
INSERT INTO `project` VALUES (15, 'National Response Supervisor', '贺 LLC', '14771342203');
INSERT INTO `project` VALUES (16, 'Chief Markets Coordinator', '金-金', '17625512381');
INSERT INTO `project` VALUES (17, 'Internal Markets Executive', '廖-廖', '15128221472');
INSERT INTO `project` VALUES (18, 'Customer Optimization Producer', '石, 石 and 石', '15012015253');
INSERT INTO `project` VALUES (19, 'Legacy Division Engineer', '梁-梁', '13951460802');
INSERT INTO `project` VALUES (20, 'Principal Communications Officer', '叶, 叶 and 叶', '15947598776');
INSERT INTO `project` VALUES (21, 'Direct Markets Engineer', '史 Group', '17312594395');
INSERT INTO `project` VALUES (22, 'Product Program Agent', '林 LLC', '17522885098');
INSERT INTO `project` VALUES (23, 'Internal Quality Assistant', '余 LLC', '15876093256');
INSERT INTO `project` VALUES (24, 'Central Configuration Executive', '沈-沈', '17170287218');
INSERT INTO `project` VALUES (25, 'Global Mobility Representative', '陈-陈', '15770612492');
INSERT INTO `project` VALUES (26, 'Lead Applications Analyst', '方, 方 and 方', '15205646071');
INSERT INTO `project` VALUES (27, 'Customer Program Manager', '石, 石 and 石', '17274787124');
INSERT INTO `project` VALUES (28, 'Internal Communications Coordinator', '雷-雷', '15644398203');
INSERT INTO `project` VALUES (29, 'Legacy Intranet Officer', '徐-徐', '18238515311');
INSERT INTO `project` VALUES (30, 'Internal Accounts Analyst', '韦 Group', '15089403705');
INSERT INTO `project` VALUES (31, 'Central Research Assistant', '方 Group', '17679216646');
INSERT INTO `project` VALUES (32, 'Investor Creative Producer', '曾, 曾 and 曾', '17348099080');
INSERT INTO `project` VALUES (33, 'Regional Paradigm Supervisor', '孔-孔', '15794897703');
INSERT INTO `project` VALUES (34, 'Customer Factors Director', '顾 Group', '17057154415');
INSERT INTO `project` VALUES (35, 'Dynamic Communications Planner', '洪, 洪 and 洪', '15048969716');
INSERT INTO `project` VALUES (36, 'Direct Usability Analyst', '曹 Group', '15268716924');
INSERT INTO `project` VALUES (37, 'Chief Paradigm Assistant', '江, 江 and 江', '18437303041');
INSERT INTO `project` VALUES (38, 'Direct Group Director', '廖 Group', '15998016055');
INSERT INTO `project` VALUES (39, 'Senior Accounts Executive', '蒋-蒋', '17891292021');
INSERT INTO `project` VALUES (40, 'Corporate Communications Strategist', '姚 LLC', '15308251808');
INSERT INTO `project` VALUES (41, 'Corporate Tactics Administrator', '李, 李 and 李', '17665010800');
INSERT INTO `project` VALUES (42, 'Internal Intranet Architect', '魏-魏', '17595027858');
INSERT INTO `project` VALUES (43, 'District Markets Engineer', '顾-顾', '17130185448');
INSERT INTO `project` VALUES (44, 'Global Factors Officer', '覃, 覃 and 覃', '15954381689');
INSERT INTO `project` VALUES (45, 'Dynamic Brand Producer', '曹, 曹 and 曹', '14755464804');
INSERT INTO `project` VALUES (46, 'Dynamic Assurance Executive', '尹 LLC', '17130302395');
INSERT INTO `project` VALUES (47, 'Senior Program Officer', '方-方', '17519513943');
INSERT INTO `project` VALUES (48, 'Legacy Security Orchestrator', '邹, 邹 and 邹', '17107393891');
INSERT INTO `project` VALUES (49, 'Corporate Infrastructure Consultant', '吴-吴', '14778123139');
INSERT INTO `project` VALUES (50, 'Future Operations Officer', '方 and Sons', '17160660492');

-- ----------------------------
-- Table structure for user
-- ----------------------------
DROP TABLE IF EXISTS `user`;
CREATE TABLE `user`  (
  `userid` int(5) NOT NULL AUTO_INCREMENT,
  `username` varchar(255) CHARACTER SET utf8 COLLATE utf8_general_ci NOT NULL,
  `useraccount` varchar(255) CHARACTER SET utf8 COLLATE utf8_general_ci NOT NULL,
  `password` varchar(255) CHARACTER SET utf8 COLLATE utf8_general_ci NOT NULL,
  PRIMARY KEY (`userid`) USING BTREE
) ENGINE = InnoDB AUTO_INCREMENT = 51 CHARACTER SET = utf8 COLLATE = utf8_general_ci ROW_FORMAT = Dynamic;

-- ----------------------------
-- Records of user
-- ----------------------------
INSERT INTO `user` VALUES (1, '全洪杰', 'quan@123', 'quan');
INSERT INTO `user` VALUES (2, '贾明', 'elisabeth.maggio@gmail.com', 'Ronstring');
INSERT INTO `user` VALUES (3, '朱弘文', 'jordyn.weissnat@yahoo.com', 'Transcof');
INSERT INTO `user` VALUES (4, '白熠彤', 'nicolas.marquardt@gmail.com', 'Zamit');
INSERT INTO `user` VALUES (5, '龙峻熙', 'nicolette.hoppe@yahoo.com', 'Tempsoft');
INSERT INTO `user` VALUES (6, '崔智辉', 'bennie.beer@yahoo.com', 'Subin');
INSERT INTO `user` VALUES (7, '方博文', 'ashley.jast@gmail.com', 'Andalax');
INSERT INTO `user` VALUES (8, '程越泽', 'warren.stracke@yahoo.com', 'Greenlam');
INSERT INTO `user` VALUES (9, '雷泽洋', 'dejon.rolfson@yahoo.com', 'Alphazap');
INSERT INTO `user` VALUES (10, '冯思淼', 'maryse.tremblay@hotmail.com', 'Cardify');
INSERT INTO `user` VALUES (11, '武博超', 'karianne.monahan@hotmail.com', 'Span');
INSERT INTO `user` VALUES (12, '黄思聪', 'elroy.bednar@gmail.com', 'Rank');
INSERT INTO `user` VALUES (13, '史金鑫', 'aileen.leffler@hotmail.com', 'Tin');
INSERT INTO `user` VALUES (14, '周旭尧', 'tressa.balistreri@hotmail.com', 'Cookley');
INSERT INTO `user` VALUES (15, '姚鹏', 'shania.nienow@hotmail.com', 'Pannier');
INSERT INTO `user` VALUES (16, '贾晓博', 'guillermo.dickens@yahoo.com', 'Trippledex');
INSERT INTO `user` VALUES (17, '崔越彬', 'marlin.jacobs@yahoo.com', 'Pannier');
INSERT INTO `user` VALUES (18, '余耀杰', 'spencer.bednar@yahoo.com', 'Bitchip');
INSERT INTO `user` VALUES (19, '莫金鑫', 'raul.nitzsche@gmail.com', 'Asoka');
INSERT INTO `user` VALUES (20, '阎致远', 'burnice.wintheiser@gmail.com', 'Prodder');
INSERT INTO `user` VALUES (21, '杨聪健', 'kaitlin.hammes@yahoo.com', 'Fintone');
INSERT INTO `user` VALUES (22, '潘瑾瑜', 'reese.koch@hotmail.com', 'Bitwolf');
INSERT INTO `user` VALUES (23, '姚哲瀚', 'destiny.ullrich@hotmail.com', 'Fixflex');
INSERT INTO `user` VALUES (24, '覃鸿涛', 'foster.heller@yahoo.com', 'Tres-Zap');
INSERT INTO `user` VALUES (25, '袁烨霖', 'houston.will@gmail.com', 'Span');
INSERT INTO `user` VALUES (26, '冯峻熙', 'anne.thompson@hotmail.com', 'Toughjoyfax');
INSERT INTO `user` VALUES (27, '赖鹏飞', 'sanford.lind@gmail.com', 'Transcof');
INSERT INTO `user` VALUES (28, '雷修杰', 'prudence.homenick@hotmail.com', 'Konklab');
INSERT INTO `user` VALUES (29, '熊伟诚', 'spencer.rempel@hotmail.com', 'Stim');
INSERT INTO `user` VALUES (30, '赵志泽', 'elfrieda.miller@gmail.com', 'Zaam-Dox');
INSERT INTO `user` VALUES (31, '钱智辉', 'raven.kassulke@yahoo.com', 'Y-Solowarm');
INSERT INTO `user` VALUES (32, '胡鹭洋', 'ahmad.kunde@yahoo.com', 'Solarbreeze');
INSERT INTO `user` VALUES (33, '龙钰轩', 'kaitlyn.mosciski@gmail.com', 'Ventosanzap');
INSERT INTO `user` VALUES (34, '冯建辉', 'adaline.hilll@yahoo.com', 'Holdlamis');
INSERT INTO `user` VALUES (35, '黎哲瀚', 'laverne.schamberger@hotmail.com', 'Lotlux');
INSERT INTO `user` VALUES (36, '阎明轩', 'germaine.jaskolski@yahoo.com', 'Ronstring');
INSERT INTO `user` VALUES (37, '万志强', 'savanna.spinka@hotmail.com', 'Zaam-Dox');
INSERT INTO `user` VALUES (38, '黎擎苍', 'alvena.howe@gmail.com', 'Stronghold');
INSERT INTO `user` VALUES (39, '唐涛', 'richard.goyette@yahoo.com', 'Asoka');
INSERT INTO `user` VALUES (40, '冯锦程', 'aglae.casper@yahoo.com', 'Bitwolf');
INSERT INTO `user` VALUES (41, '廖晋鹏', 'mae.quigley@gmail.com', 'Fintone');
INSERT INTO `user` VALUES (42, '邱昊天', 'odie.gutkowski@yahoo.com', 'Bitchip');
INSERT INTO `user` VALUES (43, '段振家', 'kaitlin.borer@gmail.com', 'Prodder');
INSERT INTO `user` VALUES (44, '秦明辉', 'robert.wilkinson@yahoo.com', 'Home Ing');
INSERT INTO `user` VALUES (45, '崔思淼', 'marguerite.tremblay@gmail.com', 'Tin');
INSERT INTO `user` VALUES (46, '严驰', 'scarlett.conn@yahoo.com', 'Bigtax');
INSERT INTO `user` VALUES (47, '何瑾瑜', 'rosario.mckenzie@gmail.com', 'Span');
INSERT INTO `user` VALUES (48, '宋楷瑞', 'francesco.hessel@hotmail.com', 'Cardify');
INSERT INTO `user` VALUES (49, '范煜祺', 'madyson.hane@yahoo.com', 'Opela');
INSERT INTO `user` VALUES (50, '何风华', 'travis.smitham@hotmail.com', 'Regrant');

SET FOREIGN_KEY_CHECKS = 1;
